IDCLI,CODBAI,NOMEBAI,CODCID,NOMECID,CODUF,UF,PESOBRUTO,DEVOLUCAO,RECENCIA,FREQUENCIA,MONETARY
1,1563,CIVIT II,2091,SERRA,16,ES,821019,"R$ 3.811,34",7,6080,"R$ 17.696.855,98"
2,1588,NOVA ZELANDIA,2091,SERRA,16,ES,2020849,"R$ 10.682,13",308,4068,"R$ 6.424.627,76"
3,1563,CIVIT II,2091,SERRA,16,ES,3533840,"R$ 703.956,78",676,5603,"R$ 13.497.250,34"
4,1588,NOVA ZELANDIA,2091,SERRA,16,ES,18481426,"R$ 281.533,99",675,5329,"R$ 11.619.930,87"
5,1565,HELIO FERRAZ,2091,SERRA,16,ES,1388,"R$ 0,00",63,37,"R$ 9.078,80"
6,1,CENTRO,1889,BAIXO GUANDU,16,ES,80219,"R$ 2.315,25",72,129,"R$ 187.484,50"
7,1225,WALDIR FURTADO AMORIM,1904,CACHOEIRO DE ITAPEMIRIM,16,ES,369,"R$ 0,00",954,27,"R$ 3.039,60"
10,470,NSA SRA DA PENHA,2107,VILA VELHA,16,ES,24370,"R$ 0,00",13,152,"R$ 216.953,11"
11,1724,ITARARE,2111,VITORIA,16,ES,32113,"R$ 1.185,18",5,973,"R$ 230.656,33"
12,1714,DA PENHA,2111,VITORIA,16,ES,2000,"R$ 165,96",271,46,"R$ 6.582,14"
13,1525,JARDIM DA SERRA,2091,SERRA,16,ES,48111,"R$ 1.255,02",7,513,"R$ 156.910,44"
15,450,CASTELO BRANCO,1912,CARIACICA,16,ES,56562,"R$ 0,00",37,290,"R$ 162.628,36"
16,1410,ITAPEBUSSU,1947,GUARAPARI,16,ES,21791,"R$ 78,00",41,187,"R$ 66.535,37"
17,1639,COBILANDIA,2107,VILA VELHA,16,ES,89897,"R$ 13.429,35",6,1084,"R$ 786.502,63"
18,1630,SOTECO,2107,VILA VELHA,16,ES,300,"R$ 0,00",268,10,"R$ 2.860,80"
20,1518,NOVA CARAPINA II,2091,SERRA,16,ES,6660,"R$ 416,49",8,354,"R$ 55.926,58"
21,71,BAIXA GRANDE,6990,CAMPOS DOS GOYTACAZES,7,RJ,27652,"R$ 0,00",8,243,"R$ 202.941,55"
22,1626,PRAIA DE ITAPARICA,2107,VILA VELHA,16,ES,13695,"R$ 3.757,20",174,131,"R$ 125.661,13"
24,18827,DISTRITO DE COUTINHO ,1904,CACHOEIRO DE ITAPEMIRIM,16,ES,1302,"R$ 0,00",1681,13,"R$ 4.887,53"
27,1,CENTRO,1917,CONCEICAO DO CASTELO,16,ES,64519,"R$ 249,90",65,149,"R$ 56.776,64"
30,1341,HONORIO FRAGA,1915,COLATINA,16,ES,3243,"R$ 0,00",1127,53,"R$ 18.855,03"
31,1164,CENTRO INDUSTRIAL,1882,ARACRUZ,16,ES,2596,"R$ 0,00",111,41,"R$ 19.840,82"
32,1156,PRAIA DE MAR AZUL,1882,ARACRUZ,16,ES,7057,"R$ 1.015,81",62,128,"R$ 25.245,96"
33,18627,SEDE,1945,GUACUI,16,ES,40,"R$ 0,00",1871,2,"R$ 445,08"
34,399,FATIMA,1882,ARACRUZ,16,ES,101628,"R$ 33.728,91",13,282,"R$ 873.173,56"
37,18787,CORREGO DO OURO ,1915,COLATINA,16,ES,12559,"R$ 3.657,17",5,234,"R$ 92.167,70"
38,18626,BANANEIRAS,2100,VENDA NOVA IMIGRANTE,16,ES,1885,"R$ 0,00",35,35,"R$ 23.950,18"
39,1443,VILA BETANIA,2101,VIANA,16,ES,730,"R$ 0,00",937,15,"R$ 4.580,96"
40,1,CENTRO,2111,VITORIA,16,ES,2887,"R$ 0,00",54,138,"R$ 28.442,88"
41,1268,AREINHA,2101,VIANA,16,ES,4497,"R$ 0,00",433,133,"R$ 42.752,23"
42,1357,VILA LENIRA,1915,COLATINA,16,ES,4358,"R$ 0,00",882,29,"R$ 8.099,73"
44,1,CENTRO,2059,SANTA TERESA,16,ES,4309,"R$ 1.198,66",20,170,"R$ 48.026,67"
46,1690,JARDIM CAMBURI,2111,VITORIA,16,ES,94,"R$ 53,16",1413,11,"R$ 954,90"
48,1525,JARDIM DA SERRA,2091,SERRA,16,ES,5783,"R$ 0,00",1280,68,"R$ 14.591,50"
49,1620,PONTA DA FRUTA,2107,VILA VELHA,16,ES,5755,"R$ 609,34",20,138,"R$ 35.239,66"
53,1245,SAO JOAO BATISTA,1912,CARIACICA,16,ES,525,"R$ 0,00",36,4281,"R$ 2.968,62"
54,73,ITAPOA,2107,VILA VELHA,16,ES,3723,"R$ 0,00",926,31,"R$ 28.396,92"
56,1145,JACUPEMBA,1882,ARACRUZ,16,ES,15310,"R$ 0,00",5,367,"R$ 126.440,43"
57,208,SAO JOSE,1945,GUACUI,16,ES,51053,"R$ 0,00",12,320,"R$ 134.864,58"
58,1,CENTRO,1933,ECOPORANGA,16,ES,42275,"R$ 536,84",15,251,"R$ 161.820,15"
60,1252,VILA CAPIXABA,1912,CARIACICA,16,ES,17859,"R$ 0,00",69,127,"R$ 171.145,17"
61,1640,RIVIERA DA BARRA,2107,VILA VELHA,16,ES,180,"R$ 0,00",1224,3,"R$ 1.062,18"
62,1626,PRAIA DE ITAPARICA,2107,VILA VELHA,16,ES,15190,"R$ 523,00",30,157,"R$ 24.035,43"
63,45,NOVO HORIZONTE,1991,LINHARES,16,ES,2071,"R$ 1.137,60",1632,52,"R$ 16.960,02"
64,1640,RIVIERA DA BARRA,2107,VILA VELHA,16,ES,245,"R$ 0,00",1848,4,"R$ 2.082,96"
65,1344,SAO SILVANO,1915,COLATINA,16,ES,126052,"R$ 644,40",5,420,"R$ 215.889,37"
67,280,VILA NOVA,1912,CARIACICA,16,ES,40722,"R$ 882,25",5,308,"R$ 89.012,77"
68,1,CENTRO,6990,CAMPOS DOS GOYTACAZES,7,RJ,18536,"R$ 1.509,42",21,319,"R$ 206.759,13"
69,1675,BARRAMARES,2107,VILA VELHA,16,ES,1123,"R$ 0,00",169,15,"R$ 1.768,34"
71,16629,VILA ARAGUAIA,1995,MARECHAL FLORIANO,16,ES,21393,"R$ 300,88",19,477,"R$ 225.266,17"
73,308,NOVA BRASILIA,1912,CARIACICA,16,ES,7924,"R$ 628,15",14,424,"R$ 69.018,44"
76,1694,JARDIM DA PENHA,2111,VITORIA,16,ES,1555,"R$ 0,00",141,17,"R$ 13.140,65"
77,1,CENTRO,1901,BREJETUBA,16,ES,232173,"R$ 0,00",1,706,"R$ 437.730,26"
78,1,CENTRO,7122,PINHEIRAL,7,RJ,772,"R$ 0,00",566,8,"R$ 9.166,78"
79,18835,PQE VICENTE G DIAS ,6990,CAMPOS DOS GOYTACAZES,7,RJ,1423,"R$ 947,10",112,59,"R$ 17.522,26"
81,280,VILA NOVA,2059,SANTA TERESA,16,ES,7515,"R$ 0,00",278,116,"R$ 45.641,16"
82,1694,JARDIM DA PENHA,2111,VITORIA,16,ES,429,"R$ 0,00",1455,24,"R$ 2.338,32"
83,1578,VILA NOVA DE COLARES,2091,SERRA,16,ES,3116,"R$ 0,00",15,120,"R$ 24.345,36"
84,1252,VILA CAPIXABA,1912,CARIACICA,16,ES,26298,"R$ 1.655,23",5,337,"R$ 88.157,02"
85,5561,JARDIM ITAPUA,2107,VILA VELHA,16,ES,11575,"R$ 21,80",30,122,"R$ 38.408,24"
87,1,CENTRO,1905,BARRA SAO FRANCISCO,16,ES,160813,"R$ 3.569,70",9,471,"R$ 253.499,22"
88,1624,PRAIA DA COSTA,2107,VILA VELHA,16,ES,5083,"R$ 0,00",1063,57,"R$ 12.344,30"
89,1,CENTRO,10077,SANTA MARIA DE JETIBA,16,ES,22384,"R$ 231,78",37,263,"R$ 221.135,69"
90,1675,BARRAMARES,2107,VILA VELHA,16,ES,1206,"R$ 0,00",419,37,"R$ 5.077,43"
91,1578,VILA NOVA DE COLARES,2091,SERRA,16,ES,1006,"R$ 14,40",1440,42,"R$ 4.287,08"
92,1258,PORTO DE SANTANA,1912,CARIACICA,16,ES,94936,"R$ 197,53",6,406,"R$ 168.808,29"
94,1630,SOTECO,2107,VILA VELHA,16,ES,34449,"R$ 130,20",5,135,"R$ 40.267,06"
95,660,IPIRANGA,1947,GUARAPARI,16,ES,3859,"R$ 0,00",1412,43,"R$ 13.658,44"
99,1505,JARDIM LIMOEIRO,2091,SERRA,16,ES,399,"R$ 0,00",1199,21,"R$ 4.295,64"
102,1634,ATAIDE,2107,VILA VELHA,16,ES,13590,"R$ 771,06",8,367,"R$ 81.310,32"
103,182,SANTO ANTONIO,2111,VITORIA,16,ES,14873,"R$ 108,91",5,404,"R$ 105.149,33"
104,1644,VILA BATISTA,2107,VILA VELHA,16,ES,141978,"R$ 7.893,72",7,512,"R$ 252.958,57"
105,1629,GUARANHUNS,2107,VILA VELHA,16,ES,11477,"R$ 0,00",685,57,"R$ 16.126,04"
106,18623,BACAXA,7191,SAQUAREMA,7,RJ,4058,"R$ 0,00",22,100,"R$ 51.527,69"
107,1,CENTRO,1904,CACHOEIRO DE ITAPEMIRIM,16,ES,1407,"R$ 0,00",7,59,"R$ 11.941,12"
109,1510,FEU ROSA,2091,SERRA,16,ES,11709,"R$ 1.081,92",35,250,"R$ 59.171,50"
110,557,CAMPO GRANDE,1912,CARIACICA,16,ES,8044,"R$ 122,56",5,163,"R$ 27.880,76"
111,1346,JOSE DE ANCHIETA,2091,SERRA,16,ES,17711,"R$ 276,06",1008,186,"R$ 63.409,58"
112,1,CENTRO,2098,VARGEM ALTA,16,ES,14098,"R$ 0,00",68,117,"R$ 62.489,21"
113,1630,SOTECO,2107,VILA VELHA,16,ES,6480,"R$ 578,26",20,208,"R$ 45.750,04"
114,1620,PONTA DA FRUTA,2107,VILA VELHA,16,ES,93444,"R$ 3.773,97",5,769,"R$ 226.909,98"
115,882,COQUEIRAL,1882,ARACRUZ,16,ES,60528,"R$ 398,60",48,239,"R$ 151.441,66"
116,1618,CRISTOVAO COLOMBO,2107,VILA VELHA,16,ES,29,"R$ 0,00",1818,3,"R$ 122,40"
117,308,NOVA BRASILIA,1904,CACHOEIRO DE ITAPEMIRIM,16,ES,265250,"R$ 685,83",7,840,"R$ 439.984,16"
118,1675,BARRAMARES,2107,VILA VELHA,16,ES,3164,"R$ 1.516,85",1048,52,"R$ 11.781,22"
119,7320,JARDIM ALAH,1912,CARIACICA,16,ES,100474,"R$ 4.519,55",7,559,"R$ 245.291,74"
120,1575,MATA DA SERRA,2091,SERRA,16,ES,11549,"R$ 0,00",14,154,"R$ 40.225,61"
122,1686,GRANDE VITORIA,2111,VITORIA,16,ES,9732,"R$ 0,00",7,110,"R$ 33.849,94"
123,1731,NOVA PALESTINA,2111,VITORIA,16,ES,1100,"R$ 0,00",1114,18,"R$ 6.470,36"
124,13346,ITAPARICA,2107,VILA VELHA,16,ES,1501,"R$ 0,00",1499,19,"R$ 3.597,02"
125,18688,GUANABARA PARQUE INDUSTRIAL,1977,IUNA,16,ES,3057,"R$ 0,00",1476,19,"R$ 4.240,55"
126,39,BELA VISTA,1912,CARIACICA,16,ES,94036,"R$ 167,50",5,587,"R$ 187.257,69"
127,1563,CIVIT II,2091,SERRA,16,ES,137,"R$ 0,00",1619,11,"R$ 1.806,60"
129,1626,PRAIA DE ITAPARICA,2107,VILA VELHA,16,ES,24,"R$ 0,00",1324,3,"R$ 52,79"
130,554,SANTA CRUZ,2100,VENDA NOVA IMIGRANTE,16,ES,2824,"R$ 0,00",7,46,"R$ 16.957,69"
131,1633,JARDIM MARILANDIA,2107,VILA VELHA,16,ES,7014,"R$ 26,22",30,100,"R$ 70.611,32"
132,1297,NOVA ROSA DA PENHA I,1912,CARIACICA,16,ES,786,"R$ 0,00",876,8,"R$ 1.971,72"
134,1513,SERRA DOURADA II,2091,SERRA,16,ES,206928,"R$ 5.843,00",6,1132,"R$ 388.160,18"
135,1505,JARDIM LIMOEIRO,2091,SERRA,16,ES,2140,"R$ 0,00",6,33,"R$ 12.294,82"
138,1640,RIVIERA DA BARRA,2107,VILA VELHA,16,ES,8233,"R$ 0,00",26,287,"R$ 101.537,60"
139,1262,BANDEIRANTES,1912,CARIACICA,16,ES,116,"R$ 0,00",1919,2,"R$ 943,24"
140,1346,JOSE DE ANCHIETA,2091,SERRA,16,ES,10854,"R$ 309,99",1302,130,"R$ 38.292,91"
141,4742,SAO DIOGO,2091,SERRA,16,ES,37,"R$ 49,68",1234,7,"R$ 174,24"
145,280,VILA NOVA,2107,VILA VELHA,16,ES,1229,"R$ 653,40",870,39,"R$ 8.411,06"
146,1346,JOSE DE ANCHIETA,2091,SERRA,16,ES,2136,"R$ 0,00",1359,36,"R$ 9.778,67"
147,1634,ATAIDE,2107,VILA VELHA,16,ES,2652,"R$ 263,82",51,115,"R$ 19.096,13"
150,1559,SAO MARCOS II,2091,SERRA,16,ES,15025,"R$ 82,98",22,365,"R$ 82.798,30"
151,18620,MARCILIO DE NORONHA,2101,VIANA,16,ES,5808,"R$ 609,23",462,55,"R$ 11.815,11"
152,1564,VISTA DA SERRA II,2091,SERRA,16,ES,29,"R$ 121,24",1227,8,"R$ 121,24"
153,1630,SOTECO,2107,VILA VELHA,16,ES,658,"R$ 0,00",174,36,"R$ 6.249,49"
155,1464,CARAPINA,2091,SERRA,16,ES,1405,"R$ 0,00",54,30,"R$ 15.736,85"
157,18627,SEDE,1864,AFONSO CLAUDIO,16,ES,55,"R$ 0,00",1857,2,"R$ 550,30"
159,1700,GURIGICA,2111,VITORIA,16,ES,407,"R$ 0,00",427,18,"R$ 887,29"
160,1149,SEGATTO,1882,ARACRUZ,16,ES,29226,"R$ 0,00",5,209,"R$ 93.001,41"
161,1718,ILHA DE SANTA MARIA,2111,VITORIA,16,ES,112650,"R$ 11.729,31",5,2468,"R$ 833.226,32"
162,18628,VERANEIO,7002,NOVA VICOSA,6,BA,2022,"R$ 0,00",1738,21,"R$ 13.869,77"
166,1433,ARACA,1991,LINHARES,16,ES,5170,"R$ 2.467,68",27,42,"R$ 16.897,10"
168,182,SANTO ANTONIO,2043,RIO BANANAL,16,ES,2794,"R$ 0,00",29,93,"R$ 33.382,74"
170,1,CENTRO,10077,SANTA MARIA DE JETIBA,16,ES,29149,"R$ 614,57",5,169,"R$ 110.707,49"
171,18627,SEDE,1933,ECOPORANGA,16,ES,11779,"R$ 0,00",926,85,"R$ 45.517,57"
172,1,CENTRO,2053,SANTA LEOPOLDINA,16,ES,936,"R$ 0,00",974,20,"R$ 9.730,82"
173,1703,JOANA DARC,2111,VITORIA,16,ES,14967,"R$ 0,00",1051,19,"R$ 9.854,16"
174,1149,SEGATTO,1882,ARACRUZ,16,ES,51473,"R$ 6.116,50",5,848,"R$ 561.309,78"
176,1684,ENSEADA DO SUA,2111,VITORIA,16,ES,6258,"R$ 0,00",61,106,"R$ 52.071,56"
179,170,GLORIA,2107,VILA VELHA,16,ES,111210,"R$ 2.748,05",14,981,"R$ 253.020,58"
180,182,SANTO ANTONIO,2043,RIO BANANAL,16,ES,17035,"R$ 0,00",57,113,"R$ 53.921,92"
181,1684,ENSEADA DO SUA,2111,VITORIA,16,ES,4,"R$ 0,00",1573,3,"R$ 25,00"
182,1641,VILA GARRIDO,2107,VILA VELHA,16,ES,21700,"R$ 501,99",7,150,"R$ 43.889,64"
183,1252,VILA CAPIXABA,1912,CARIACICA,16,ES,297,"R$ 0,00",1496,13,"R$ 2.259,84"
184,1545,VISTA DA SERRA I,2091,SERRA,16,ES,5009,"R$ 0,00",37,86,"R$ 32.362,96"
185,1614,BARRA DO JUCU,2107,VILA VELHA,16,ES,97,"R$ 680,86",1538,4,"R$ 680,86"
186,1394,MUQUICABA,1947,GUARAPARI,16,ES,32573,"R$ 261,80",106,131,"R$ 84.181,10"
187,1525,JARDIM DA SERRA,2091,SERRA,16,ES,1501,"R$ 0,00",1289,66,"R$ 14.280,65"
188,1248,ITACIBA,1912,CARIACICA,16,ES,1542,"R$ 0,00",709,61,"R$ 13.793,47"
189,45,NOVO HORIZONTE,2091,SERRA,16,ES,7044,"R$ 0,00",8,108,"R$ 23.527,04"
192,263,SAO PEDRO,2111,VITORIA,16,ES,13049,"R$ 66,18",1156,40,"R$ 17.104,66"
193,1302,PARQUE RESL MARACANA,1912,CARIACICA,16,ES,22373,"R$ 0,00",69,125,"R$ 16.274,55"
195,317,ITAPUA,2107,VILA VELHA,16,ES,2509,"R$ 0,00",104,70,"R$ 20.280,68"
197,18616,FAROL DE SAO TOME,6990,CAMPOS DOS GOYTACAZES,7,RJ,34110,"R$ 0,00",28,71,"R$ 33.262,82"
198,1394,MUQUICABA,1947,GUARAPARI,16,ES,887,"R$ 0,00",455,20,"R$ 8.170,01"
199,39,BELA VISTA,1882,ARACRUZ,16,ES,2168,"R$ 0,00",519,32,"R$ 18.967,54"
200,1563,CIVIT II,2091,SERRA,16,ES,4893,"R$ 0,00",873,79,"R$ 32.403,27"
201,1521,CHACARA PARREIRAL,2091,SERRA,16,ES,3026,"R$ 731,07",77,127,"R$ 28.566,20"
203,1,CENTRO,3418,LAJINHA,2,MG,169157,"R$ 11.776,48",5,599,"R$ 444.602,88"
206,1,CENTRO,556,CARAVELAS,6,BA,54888,"R$ 18,94",19,327,"R$ 118.746,69"
209,1,CENTRO,1970,ITAPEMIRIM,16,ES,31140,"R$ 1.952,28",16,301,"R$ 89.604,51"
210,18802,LUIS EDUARDO MAGALHAES,998,PRADO,6,BA,20512,"R$ 0,00",6,95,"R$ 71.479,25"
211,1718,ILHA DE SANTA MARIA,2111,VITORIA,16,ES,958,"R$ 293,51",1217,13,"R$ 3.598,97"
212,319,TRANCOSO,994,PORTO SEGURO,6,BA,55930,"R$ 0,00",5,343,"R$ 80.977,20"
213,1724,ITARARE,2111,VITORIA,16,ES,308,"R$ 0,00",1374,16,"R$ 2.954,08"
214,223,SANTA INES,2107,VILA VELHA,16,ES,91277,"R$ 65.671,32",6,816,"R$ 997.868,97"
215,18619,NOVA COREIA,556,CARAVELAS,6,BA,415,"R$ 0,00",735,5,"R$ 1.893,66"
218,1505,JARDIM LIMOEIRO,2091,SERRA,16,ES,12609,"R$ 5.988,00",750,80,"R$ 96.203,04"
222,18623,BACAXA,7191,SAQUAREMA,7,RJ,13502,"R$ 0,00",22,123,"R$ 93.199,85"
223,1487,RIO PRETO DA BR,2083,SAO MATEUS,16,ES,718,"R$ 0,00",1727,15,"R$ 7.102,71"
225,18829,DISTRITO ITAIMBE ,1963,ITAGUACU,16,ES,503,"R$ 0,00",1386,9,"R$ 4.096,78"
226,1613,JARDIM GUARANHUNS,2107,VILA VELHA,16,ES,4718,"R$ 0,00",537,75,"R$ 34.952,38"
227,1464,CARAPINA,2091,SERRA,16,ES,3000,"R$ 0,00",176,36,"R$ 9.424,44"
228,1249,SANTANA,1912,CARIACICA,16,ES,2356,"R$ 0,00",96,78,"R$ 20.936,33"
229,1,CENTRO,904,MUCURI,6,BA,197317,"R$ 1.260,23",5,595,"R$ 247.719,54"
230,18779,CENTRO SEDE,904,MUCURI,6,BA,59172,"R$ 216,22",5,213,"R$ 74.117,58"
231,18682,SOIDO,1929,DOMINGOS MARTINS,16,ES,6495,"R$ 0,00",98,55,"R$ 23.949,26"
233,18686,MOACIR AVIDOS,1942,GOV LINDENBERG,16,ES,5388,"R$ 1.388,97",44,166,"R$ 63.408,25"
234,1150,MOROBA,1882,ARACRUZ,16,ES,3829,"R$ 0,00",838,57,"R$ 26.056,24"
235,1703,JOANA DARC,2111,VITORIA,16,ES,1040,"R$ 0,00",1807,5,"R$ 615,00"
236,65,PLANALTO,2107,VILA VELHA,16,ES,42739,"R$ 0,00",5,319,"R$ 339.635,75"
237,194,SAO GERALDO,2091,SERRA,16,ES,4195,"R$ 0,00",695,83,"R$ 10.014,81"
239,1,CENTRO,1993,MANTENOPOLIS,16,ES,16520,"R$ 0,00",404,35,"R$ 13.815,20"
241,12197,MORADA SANTA FE,1912,CARIACICA,16,ES,1216,"R$ 0,00",686,21,"R$ 7.626,15"
243,654,ALAGOAS,1127,TEIXEIRA DE FREITAS,6,BA,34797,"R$ 0,00",19,406,"R$ 166.855,70"
245,5464,QUILOMBO,1977,IUNA,16,ES,18088,"R$ 2.782,34",13,171,"R$ 46.162,90"
249,291,POLO PETROQUIMICO,526,CAMACARI,6,BA,32983,"R$ 16.648,20",13,146,"R$ 418.539,22"
250,1,CENTRO,2001,MONTANHA,16,ES,296,"R$ 0,00",1646,9,"R$ 1.093,72"
253,1,CENTRO,7168,STO ANTONIO DE PADUA,7,RJ,7566,"R$ 784,31",1055,57,"R$ 66.394,02"
254,45,NOVO HORIZONTE,2091,SERRA,16,ES,5536,"R$ 0,00",1498,27,"R$ 9.336,35"
255,18713,JARDIM BALNEARIO ELZ ,1994,MARATAIZES,16,ES,21949,"R$ 2.469,92",16,157,"R$ 58.795,45"
256,1626,PRAIA DE ITAPARICA,2107,VILA VELHA,16,ES,25,"R$ 0,00",1111,3,"R$ 84,00"
257,1,CENTRO,904,MUCURI,6,BA,32729,"R$ 200,74",5,181,"R$ 36.265,02"
258,18625,DISTRITO ITAOCA,1904,CACHOEIRO DE ITAPEMIRIM,16,ES,4981,"R$ 0,00",572,1358,"R$ 48.380,00"
259,241,BRASIL NOVO,1949,IBATIBA,16,ES,1370,"R$ 0,00",1651,12,"R$ 5.872,90"
262,1418,OLARIA,9383,MEDEIROS NETO,6,BA,51729,"R$ 339,62",391,155,"R$ 43.169,35"
266,1,CENTRO,10077,SANTA MARIA DE JETIBA,16,ES,1269,"R$ 0,00",1349,15,"R$ 2.693,88"
267,1,CENTRO,1970,ITAPEMIRIM,16,ES,10825,"R$ 0,00",56,237,"R$ 88.276,47"
268,18849,DIST VARGEM GRANDE DE SOTURNO,1904,CACHOEIRO DE ITAPEMIRIM,16,ES,6290,"R$ 0,00",1513,36,"R$ 9.889,88"
269,1268,AREINHA,2101,VIANA,16,ES,59037,"R$ 172,49",42,299,"R$ 87.235,95"
270,18733,GIOVANI BREDA ,1870,ALFREDO CHAVES,16,ES,6435,"R$ 0,00",602,127,"R$ 30.908,13"
271,1702,ROMAO,2111,VITORIA,16,ES,987,"R$ 0,00",896,6,"R$ 799,90"
273,1510,FEU ROSA,2091,SERRA,16,ES,18699,"R$ 986,70",216,211,"R$ 47.568,00"
276,18739,JOAO TOMAZ,1959,IRUPI,16,ES,1539,"R$ 430,85",414,57,"R$ 17.451,82"
277,1,CENTRO,1931,DORES DO RIO PRETO,16,ES,4162,"R$ 284,20",1568,28,"R$ 7.087,68"
278,185,SANTO AGOSTINHO,1913,CASTELO,16,ES,4191,"R$ 715,08",134,113,"R$ 42.527,44"
279,1,CENTRO,2000,MIMOSO DO SUL,16,ES,9922,"R$ 0,00",1009,50,"R$ 22.411,42"
280,170,GLORIA,2107,VILA VELHA,16,ES,738,"R$ 0,00",744,39,"R$ 4.678,27"
282,1558,BOA VISTA II,2091,SERRA,16,ES,4286,"R$ 8,42",20,146,"R$ 34.514,03"
283,5464,QUILOMBO,1977,IUNA,16,ES,126175,"R$ 4.977,21",5,668,"R$ 274.704,14"
284,45,NOVO HORIZONTE,2091,SERRA,16,ES,1033,"R$ 0,00",1664,9,"R$ 5.112,75"
285,1,CENTRO,2000,MIMOSO DO SUL,16,ES,30370,"R$ 237,78",21,311,"R$ 98.476,76"
287,1255,ITAQUARI,1912,CARIACICA,16,ES,175628,"R$ 913,02",35,357,"R$ 223.311,51"
288,1464,CARAPINA,2091,SERRA,16,ES,33677,"R$ 1.297,86",35,239,"R$ 45.991,34"
289,18731,TARCISIO MIRANDA ,6990,CAMPOS DOS GOYTACAZES,7,RJ,2045,"R$ 0,00",112,54,"R$ 25.102,81"
291,1244,NOVO BRASIL,1912,CARIACICA,16,ES,53,"R$ 0,00",1864,2,"R$ 515,96"
292,1189,AGOSTINHO SIMONATO,1904,CACHOEIRO DE ITAPEMIRIM,16,ES,15652,"R$ 0,00",250,49,"R$ 99.466,53"
293,1611,TAQUARA II,2091,SERRA,16,ES,7040,"R$ 42,99",16,169,"R$ 32.022,73"
294,1,CENTRO,1985,JOAO NEIVA,16,ES,2431,"R$ 0,00",1407,35,"R$ 24.343,00"
296,1,CENTRO,2101,VIANA,16,ES,182,"R$ 0,00",876,9,"R$ 1.646,04"
297,1632,DIVINO ESPIRITO STO ,2107,VILA VELHA,16,ES,2036,"R$ 0,00",1143,51,"R$ 8.008,66"
298,1652,NOVA ITAPARICA,2107,VILA VELHA,16,ES,1048,"R$ 0,00",883,6,"R$ 1.047,26"
300,8925,ITAOCA,1904,CACHOEIRO DE ITAPEMIRIM,16,ES,145,"R$ 0,00",1167,6,"R$ 1.306,32"
301,159,CIDADE NOVA,1994,MARATAIZES,16,ES,2872,"R$ 0,00",475,125,"R$ 25.775,77"
302,28,FLORESTA,1949,IBATIBA,16,ES,18912,"R$ 0,00",1048,132,"R$ 58.315,60"
303,0,< SEM  BAIRRO >,2081,SAO JOSE DO CALCADO,16,ES,6782,"R$ 0,00",1650,31,"R$ 17.192,06"
306,170,GLORIA,2107,VILA VELHA,16,ES,482,"R$ 0,00",261,130,"R$ 1.633,23"
307,170,GLORIA,2107,VILA VELHA,16,ES,524,"R$ 48,12",1035,84,"R$ 957,84"
309,18617,FILOMENA,2011,NOVA VENECIA,16,ES,673,"R$ 0,00",1603,39,"R$ 1.171,70"
310,5853,SOUZA,2758,ALVINOPOLIS,2,MG,362,"R$ 0,00",1898,2,"R$ 2.068,20"
312,798,JARDIM AMERICA,1904,CACHOEIRO DE ITAPEMIRIM,16,ES,123,"R$ 0,00",106,99,"R$ 664,63"
313,557,CAMPO GRANDE,1912,CARIACICA,16,ES,6523,"R$ 720,48",418,337,"R$ 49.787,48"
315,208,SAO JOSE,1991,LINHARES,16,ES,657,"R$ 0,00",1107,103,"R$ 1.412,00"
316,1724,ITARARE,2111,VITORIA,16,ES,2,"R$ 0,00",1674,65,"R$ 30,24"
317,1579,ESTANCIA MONAZITICA,2091,SERRA,16,ES,570,"R$ 0,00",649,107,"R$ 2.123,74"
323,1505,JARDIM LIMOEIRO,2091,SERRA,16,ES,6446,"R$ 0,00",211,131,"R$ 53.910,41"
324,1,CENTRO,1945,GUACUI,16,ES,26520,"R$ 862,86",107,67,"R$ 29.029,96"
325,752,BARRO BRANCO,2091,SERRA,16,ES,5613,"R$ 76,68",350,73,"R$ 14.323,82"
326,1675,BARRAMARES,2107,VILA VELHA,16,ES,681,"R$ 0,00",476,43,"R$ 6.323,78"
327,18784,JACIGUA ,2098,VARGEM ALTA,16,ES,45291,"R$ 2.227,88",13,449,"R$ 155.752,08"
328,18801,PRAIA DE ITAOCA,1970,ITAPEMIRIM,16,ES,381,"R$ 0,00",831,7,"R$ 1.451,60"
329,1,CENTRO,1945,GUACUI,16,ES,24539,"R$ 658,46",35,62,"R$ 16.516,26"
330,1228,SAO VICENTE,1864,AFONSO CLAUDIO,16,ES,16323,"R$ 0,00",1050,48,"R$ 17.317,08"
331,1,CENTRO,2011,NOVA VENECIA,16,ES,5304,"R$ 0,00",35,15,"R$ 4.210,29"
332,18852,ILHA DO COCO,1955,ICONHA,16,ES,1685,"R$ 0,00",119,87,"R$ 15.786,54"
333,1,CENTRO,2081,SAO JOSE DO CALCADO,16,ES,10761,"R$ 0,00",56,132,"R$ 58.732,06"
334,18651,DISTRITO SAO JOSE DE FRUTEIRAS,2098,VARGEM ALTA,16,ES,29925,"R$ 319,58",13,327,"R$ 110.438,84"
336,1432,SHELL,1991,LINHARES,16,ES,38976,"R$ 7.414,25",15,602,"R$ 303.135,76"
337,1,CENTRO,1929,DOMINGOS MARTINS,16,ES,2182,"R$ 0,00",43,59,"R$ 10.917,67"
339,470,NSA SRA DA PENHA,2107,VILA VELHA,16,ES,4840,"R$ 0,00",5,126,"R$ 39.588,70"
341,1196,SANTA CECILIA,2111,VITORIA,16,ES,658,"R$ 0,00",86,29,"R$ 9.209,32"
342,1,CENTRO,1869,ALEGRE,16,ES,982,"R$ 0,00",78,50,"R$ 10.579,84"
343,18730,DA GRAMA,1864,AFONSO CLAUDIO,16,ES,5508,"R$ 1.742,65",1643,27,"R$ 13.478,85"
344,1,CENTRO,1993,MANTENOPOLIS,16,ES,125490,"R$ 1.766,57",9,675,"R$ 314.837,32"
346,18736,VILA DA MATA ,2100,VENDA NOVA IMIGRANTE,16,ES,108643,"R$ 4.766,69",9,847,"R$ 530.365,79"
347,1459,GURIRI NORTE,2083,SAO MATEUS,16,ES,4062,"R$ 0,00",26,133,"R$ 26.442,88"
348,1519,LARANJEIRAS VELHA,2091,SERRA,16,ES,2016,"R$ 0,00",1461,6,"R$ 1.005,00"
349,1394,MUQUICABA,1947,GUARAPARI,16,ES,5119,"R$ 0,00",1206,153,"R$ 40.448,98"
351,1,CENTRO,2088,SAO ROQUE DO CANAA,16,ES,8559,"R$ 1.008,18",656,103,"R$ 21.034,10"
353,1490,NESTOR GOMES,2083,SAO MATEUS,16,ES,4217,"R$ 1.428,48",154,52,"R$ 20.650,25"
354,18694,WANDA MARIA,1994,MARATAIZES,16,ES,7121,"R$ 133,92",37,190,"R$ 85.288,85"
358,9717,UNIVERSAL,2101,VIANA,16,ES,56507,"R$ 279,46",1134,243,"R$ 79.462,29"
359,18627,SEDE,1929,DOMINGOS MARTINS,16,ES,1550,"R$ 0,00",28,60,"R$ 13.508,57"
361,1,CENTRO,7058,ITAOCARA,7,RJ,19751,"R$ 4.926,32",35,114,"R$ 180.467,21"
363,1,CENTRO,1929,DOMINGOS MARTINS,16,ES,51373,"R$ 4.270,45",6,405,"R$ 218.832,04"
367,1718,ILHA DE SANTA MARIA,2111,VITORIA,16,ES,465,"R$ 0,00",35,24,"R$ 4.096,70"
368,1671,MORADA DA BARRA,2107,VILA VELHA,16,ES,2572,"R$ 87,80",51,101,"R$ 16.602,57"
370,384,JARDIM ATLANTICO,2091,SERRA,16,ES,57026,"R$ 3.920,57",50,661,"R$ 195.519,51"
371,18794,COMUNIDADE URBANA DE PALMEIRAS,1947,GUARAPARI,16,ES,7578,"R$ 0,00",1350,35,"R$ 9.505,22"
372,1631,JABURUNA,2107,VILA VELHA,16,ES,17616,"R$ 14.292,20",258,90,"R$ 51.022,40"
373,1,CENTRO,831,LAJEDAO,6,BA,5706,"R$ 0,00",1563,11,"R$ 6.167,73"
376,1,CENTRO,998,PRADO,6,BA,889,"R$ 0,00",1856,4,"R$ 5.994,28"
377,319,TRANCOSO,994,PORTO SEGURO,6,BA,104033,"R$ 2.239,52",5,388,"R$ 250.904,03"
378,319,TRANCOSO,994,PORTO SEGURO,6,BA,184,"R$ 0,00",1884,2,"R$ 829,10"
380,1626,PRAIA DE ITAPARICA,2107,VILA VELHA,16,ES,121,"R$ 0,00",1920,2,"R$ 378,00"
382,1632,DIVINO ESPIRITO STO ,2107,VILA VELHA,16,ES,7617,"R$ 580,37",383,169,"R$ 63.442,99"
383,1505,JARDIM LIMOEIRO,2091,SERRA,16,ES,21584,"R$ 505,32",5,321,"R$ 196.760,59"
384,653,CASTELINHO,2098,VARGEM ALTA,16,ES,74924,"R$ 5.520,93",7,409,"R$ 187.115,95"
385,18771,CAXIAS DO SUL,2101,VIANA,16,ES,9079,"R$ 0,00",547,147,"R$ 56.802,98"
387,1510,FEU ROSA,2091,SERRA,16,ES,232433,"R$ 23.575,61",1,3209,"R$ 1.452.372,76"
388,18845,LOT RESID MARACANA  ,1912,CARIACICA,16,ES,6892,"R$ 2.062,37",14,143,"R$ 72.571,66"
390,1505,JARDIM LIMOEIRO,2091,SERRA,16,ES,33,"R$ 0,00",1867,2,"R$ 274,56"
392,1533,DAS LARANJEIRAS,2091,SERRA,16,ES,965,"R$ 0,00",112,60,"R$ 10.329,65"
394,182,SANTO ANTONIO,2111,VITORIA,16,ES,18402,"R$ 3.353,60",99,155,"R$ 44.030,73"
395,470,NSA SRA DA PENHA,2107,VILA VELHA,16,ES,58005,"R$ 813,30",8,437,"R$ 579.238,76"
396,352,SANTA MONICA,2107,VILA VELHA,16,ES,359,"R$ 0,00",1266,22,"R$ 2.820,28"
397,1503,CIVIT I,2091,SERRA,16,ES,1484,"R$ 0,00",16,79,"R$ 15.214,31"
398,45,NOVO HORIZONTE,2091,SERRA,16,ES,24335,"R$ 285,36",6,354,"R$ 103.508,24"
399,1464,CARAPINA,2091,SERRA,16,ES,9833,"R$ 4.063,59",393,184,"R$ 90.804,63"
401,1697,MATA DA PRAIA,2111,VITORIA,16,ES,3160,"R$ 0,00",140,42,"R$ 5.513,71"
402,1,CENTRO,1982,JAGUARE,16,ES,4679,"R$ 3.722,85",70,91,"R$ 43.368,50"
403,1435,INTERLAGOS,1991,LINHARES,16,ES,53962,"R$ 346,87",6,219,"R$ 131.603,03"
404,1,CENTRO,2007,MUNIZ FREIRE,16,ES,2699,"R$ 0,00",797,20,"R$ 5.572,28"
405,1618,CRISTOVAO COLOMBO,2107,VILA VELHA,16,ES,449,"R$ 0,00",6,86,"R$ 4.156,43"
406,1626,PRAIA DE ITAPARICA,2107,VILA VELHA,16,ES,834,"R$ 0,00",97,25,"R$ 7.857,72"
407,1343,CARLOS GERMANO NAUMANN,1915,COLATINA,16,ES,32208,"R$ 94,00",35,107,"R$ 34.397,05"
409,18726,OSEIAS ,1937,FUNDAO,16,ES,4254,"R$ 0,00",982,120,"R$ 32.870,33"
411,1585,CASTELANDIA,2091,SERRA,16,ES,52213,"R$ 0,00",63,262,"R$ 81.824,52"
413,1563,CIVIT II,2091,SERRA,16,ES,15898,"R$ 426,32",29,578,"R$ 158.992,56"
414,1198,CENTRAL PARQUE,1904,CACHOEIRO DE ITAPEMIRIM,16,ES,1829,"R$ 0,00",49,42,"R$ 16.790,93"
415,1537,NOVA CARAPINA I,2091,SERRA,16,ES,4351,"R$ 0,00",8,192,"R$ 34.995,28"
418,1505,JARDIM LIMOEIRO,2091,SERRA,16,ES,68,"R$ 0,00",1743,3,"R$ 631,20"
420,18740,CUMURUXATIBA,998,PRADO,6,BA,30775,"R$ 0,00",61,127,"R$ 48.255,10"
421,1,CENTRO,998,PRADO,6,BA,177473,"R$ 36,99",43,522,"R$ 230.072,66"
422,1394,MUQUICABA,1947,GUARAPARI,16,ES,8198,"R$ 0,00",19,183,"R$ 70.140,89"
425,18622,SAO ROQUINHO,2088,SAO ROQUE DO CANAA,16,ES,94727,"R$ 3.425,10",5,932,"R$ 273.674,09"
426,1665,BAL PONTA DA FRUTA,2107,VILA VELHA,16,ES,1325,"R$ 0,00",36,69,"R$ 16.997,25"
429,1509,DIVINOPOLIS,2091,SERRA,16,ES,618,"R$ 0,00",1146,71,"R$ 3.708,15"
430,18634,PIACU,2007,MUNIZ FREIRE,16,ES,83436,"R$ 0,00",6,345,"R$ 116.507,84"
431,1535,REIS MAGOS,2091,SERRA,16,ES,2011,"R$ 416,28",1751,61,"R$ 17.983,78"
432,18704,IRMAOS FERNANDES,1905,BARRA SAO FRANCISCO,16,ES,44762,"R$ 0,00",6,227,"R$ 117.519,86"
433,1523,PQ RESL LARANJEIRAS,2091,SERRA,16,ES,59564,"R$ 0,00",1535,76,"R$ 40.668,30"
437,1,CENTRO,753,ITAMARAJU,6,BA,278098,"R$ 574,76",5,945,"R$ 333.222,53"
439,1344,SAO SILVANO,1915,COLATINA,16,ES,34164,"R$ 0,00",9,169,"R$ 70.970,23"
440,1505,JARDIM LIMOEIRO,2091,SERRA,16,ES,110341,"R$ 18.566,14",6,1549,"R$ 864.087,26"
441,18739,JOAO TOMAZ,1959,IRUPI,16,ES,104952,"R$ 224,80",5,352,"R$ 226.015,35"
442,1,CENTRO,1949,IBATIBA,16,ES,427339,"R$ 1.007,80",1,575,"R$ 579.585,50"
443,884,INDUSTRIAL,732,ITABELA,6,BA,9038,"R$ 1.810,75",5,141,"R$ 50.862,36"
445,1505,JARDIM LIMOEIRO,2091,SERRA,16,ES,655,"R$ 0,00",391,15,"R$ 5.489,45"
446,1439,CANIVETE,1991,LINHARES,16,ES,23923,"R$ 0,00",55,142,"R$ 47.150,62"
448,1,CENTRO,1933,ECOPORANGA,16,ES,3931,"R$ 606,96",9,113,"R$ 27.390,85"
449,1187,CORONEL BORGES,1904,CACHOEIRO DE ITAPEMIRIM,16,ES,202403,"R$ 1.308,56",56,378,"R$ 328.546,37"
450,1,CENTRO,1993,MANTENOPOLIS,16,ES,66569,"R$ 233,39",5,210,"R$ 139.050,69"
451,1344,SAO SILVANO,1915,COLATINA,16,ES,1994,"R$ 0,00",1546,33,"R$ 14.748,56"
452,1,CENTRO,1874,ALTO RIO NOVO,16,ES,107448,"R$ 108,07",35,445,"R$ 203.676,12"
454,1727,NAZARETH,2111,VITORIA,16,ES,2703,"R$ 784,80",37,110,"R$ 21.178,07"
456,18840,CAJARANA,397,ALCOBACA,6,BA,4492,"R$ 1.261,76",1633,33,"R$ 16.616,85"
457,1563,CIVIT II,2091,SERRA,16,ES,2978,"R$ 113,97",1107,134,"R$ 30.692,64"
459,1724,ITARARE,2111,VITORIA,16,ES,7123,"R$ 415,68",394,206,"R$ 60.319,16"
460,1717,REPUBLICA,2111,VITORIA,16,ES,1673,"R$ 927,75",27,121,"R$ 23.571,22"
461,39,BELA VISTA,1882,ARACRUZ,16,ES,415,"R$ 0,00",1847,3,"R$ 1.088,60"
462,1505,JARDIM LIMOEIRO,2091,SERRA,16,ES,85546,"R$ 7.825,14",693,1561,"R$ 399.078,02"
463,1563,CIVIT II,2091,SERRA,16,ES,4140,"R$ 0,00",883,177,"R$ 29.897,82"
464,1410,ITAPEBUSSU,1947,GUARAPARI,16,ES,2381,"R$ 0,00",314,13,"R$ 9.266,89"
466,1588,NOVA ZELANDIA,2091,SERRA,16,ES,5633,"R$ 0,00",47,75,"R$ 28.599,43"
467,18629,CONJUNTO PARREIRAL,2091,SERRA,16,ES,226,"R$ 0,00",1058,6,"R$ 1.414,50"
469,182,SANTO ANTONIO,1904,CACHOEIRO DE ITAPEMIRIM,16,ES,466228,"R$ 18.122,18",1,962,"R$ 858.695,32"
470,1344,SAO SILVANO,1915,COLATINA,16,ES,41392,"R$ 0,00",41,395,"R$ 106.523,98"
471,369,AEROPORTO,1947,GUARAPARI,16,ES,49182,"R$ 9.113,13",93,333,"R$ 221.671,96"
472,13346,ITAPARICA,2107,VILA VELHA,16,ES,15972,"R$ 119,37",51,167,"R$ 130.319,30"
473,1394,MUQUICABA,1947,GUARAPARI,16,ES,56471,"R$ 1.864,19",5,345,"R$ 178.444,76"
474,19093,N.S. DA PENHA,2107,VILA VELHA,16,ES,1390,"R$ 0,00",44,66,"R$ 13.369,15"
475,18630,NOSSA SENHORA DA PENHA,2107,VILA VELHA,16,ES,6376,"R$ 1.659,94",14,231,"R$ 78.428,14"
476,1578,VILA NOVA DE COLARES,2091,SERRA,16,ES,1171,"R$ 0,00",9,65,"R$ 9.399,76"
477,1639,COBILANDIA,2107,VILA VELHA,16,ES,5256,"R$ 199,92",96,199,"R$ 53.017,26"
478,1252,VILA CAPIXABA,1912,CARIACICA,16,ES,1787,"R$ 1.853,04",35,48,"R$ 12.891,52"
479,1,CENTRO,1905,BARRA SAO FRANCISCO,16,ES,79,"R$ 0,00",1853,2,"R$ 888,88"
480,1624,PRAIA DA COSTA,2107,VILA VELHA,16,ES,325,"R$ 0,00",1212,7,"R$ 735,84"
481,1505,JARDIM LIMOEIRO,2091,SERRA,16,ES,262163,"R$ 16.086,33",5,2241,"R$ 2.340.967,27"
484,1651,DARLY SANTOS,2107,VILA VELHA,16,ES,35095,"R$ 139,32",29,248,"R$ 312.289,82"
485,1690,JARDIM CAMBURI,2111,VITORIA,16,ES,8734,"R$ 0,00",132,152,"R$ 77.437,63"
486,273,VILA RICA,1904,CACHOEIRO DE ITAPEMIRIM,16,ES,36507,"R$ 123,39",119,142,"R$ 51.146,67"
487,1191,LUIZ TINOCO FONSECA,1904,CACHOEIRO DE ITAPEMIRIM,16,ES,234,"R$ 527,60",1461,6,"R$ 1.506,92"
488,1639,COBILANDIA,2107,VILA VELHA,16,ES,15139,"R$ 773,96",7,421,"R$ 72.386,60"
489,18632,MORADA DE CAMPO GRANDE,1912,CARIACICA,16,ES,36103,"R$ 273,04",22,353,"R$ 68.498,94"
490,1700,GURIGICA,2111,VITORIA,16,ES,1811,"R$ 41,60",441,74,"R$ 9.223,50"
491,1718,ILHA DE SANTA MARIA,2111,VITORIA,16,ES,895,"R$ 0,00",1553,23,"R$ 7.484,84"
492,1724,ITARARE,2111,VITORIA,16,ES,15443,"R$ 326,63",586,104,"R$ 28.118,91"
493,557,CAMPO GRANDE,1912,CARIACICA,16,ES,646,"R$ 0,00",1576,27,"R$ 5.706,68"
495,1630,SOTECO,2107,VILA VELHA,16,ES,12431,"R$ 0,00",65,48,"R$ 13.725,91"
496,1700,GURIGICA,2111,VITORIA,16,ES,74,"R$ 0,00",1813,4,"R$ 679,68"
498,159,CIDADE NOVA,7059,ITAPERUNA,7,RJ,63053,"R$ 5.109,19",8,836,"R$ 607.900,64"
499,1658,SANTA MONICA POPULAR,2107,VILA VELHA,16,ES,18125,"R$ 471,56",295,265,"R$ 52.792,72"
503,1563,CIVIT II,2091,SERRA,16,ES,137,"R$ 0,00",1701,25,"R$ 1.011,99"
504,1588,NOVA ZELANDIA,2091,SERRA,16,ES,46,"R$ 0,00",675,6,"R$ 80,98"
505,557,CAMPO GRANDE,1912,CARIACICA,16,ES,3820,"R$ 320,62",128,49,"R$ 41.521,67"
506,1,CENTRO,994,PORTO SEGURO,6,BA,153647,"R$ 43,14",370,262,"R$ 105.692,66"
507,1,CENTRO,630,EUNAPOLIS,6,BA,1772,"R$ 0,00",1526,20,"R$ 7.093,67"
508,1392,SETIBA,1947,GUARAPARI,16,ES,24589,"R$ 0,00",21,255,"R$ 95.344,18"
510,1,CENTRO,2008,MUQUI,16,ES,152840,"R$ 1.068,02",5,672,"R$ 285.931,15"
512,1505,JARDIM LIMOEIRO,2091,SERRA,16,ES,3030,"R$ 0,00",799,79,"R$ 34.240,53"
513,1,CENTRO,1949,IBATIBA,16,ES,6183,"R$ 0,00",1202,31,"R$ 13.628,98"
514,1,CENTRO,1945,GUACUI,16,ES,178733,"R$ 0,00",5,449,"R$ 260.150,35"
515,1,CENTRO,2101,VIANA,16,ES,22041,"R$ 1.129,84",103,117,"R$ 49.465,06"
517,18692,PONTA DOS CASTELHANO,1876,ANCHIETA,16,ES,56627,"R$ 0,00",107,394,"R$ 140.642,31"
518,1535,REIS MAGOS,2091,SERRA,16,ES,32678,"R$ 3.209,02",5,608,"R$ 290.271,88"
519,45,NOVO HORIZONTE,2091,SERRA,16,ES,10385,"R$ 626,06",6,334,"R$ 88.598,06"
520,1639,COBILANDIA,2107,VILA VELHA,16,ES,137783,"R$ 238,86",6,428,"R$ 1.386.709,21"
523,1578,VILA NOVA DE COLARES,2091,SERRA,16,ES,346686,"R$ 1.622,04",9,1327,"R$ 537.949,35"
525,1633,JARDIM MARILANDIA,2107,VILA VELHA,16,ES,2002,"R$ 0,00",590,36,"R$ 14.714,85"
527,170,GLORIA,2107,VILA VELHA,16,ES,25,"R$ 0,00",658,3,"R$ 129,71"
528,1523,PQ RESL LARANJEIRAS,2091,SERRA,16,ES,16767,"R$ 839,20",1451,79,"R$ 17.881,23"
529,194,SAO GERALDO,2091,SERRA,16,ES,7677,"R$ 0,00",6,245,"R$ 119.434,67"
530,1398,PORTAL DE GUARAPARI,1947,GUARAPARI,16,ES,6657,"R$ 0,00",42,77,"R$ 73.427,28"
531,1505,JARDIM LIMOEIRO,2091,SERRA,16,ES,198,"R$ 0,00",1048,8,"R$ 2.121,96"
533,1622,VALE ENCANTADO,2107,VILA VELHA,16,ES,24,"R$ 0,00",1644,4,"R$ 116,70"
534,18645,JACARAIPE,2091,SERRA,16,ES,10103,"R$ 353,97",27,340,"R$ 83.651,03"
535,1626,PRAIA DE ITAPARICA,2107,VILA VELHA,16,ES,220,"R$ 0,00",1267,6,"R$ 1.966,08"
536,1618,CRISTOVAO COLOMBO,2107,VILA VELHA,16,ES,32916,"R$ 233,54",5,340,"R$ 87.009,69"
537,1618,CRISTOVAO COLOMBO,2107,VILA VELHA,16,ES,297,"R$ 0,00",1447,12,"R$ 1.361,48"
539,0,< SEM  BAIRRO >,2100,VENDA NOVA IMIGRANTE,16,ES,886,"R$ 0,00",1750,6,"R$ 1.195,28"
540,18928,BAIRRO DAS FLORES,2091,SERRA,16,ES,91,"R$ 0,00",1121,6,"R$ 528,66"
542,18775,ESTELITA COELHO MARINS,1904,CACHOEIRO DE ITAPEMIRIM,16,ES,169,"R$ 0,00",1531,6,"R$ 2.002,14"
543,18748,VALAO,1904,CACHOEIRO DE ITAPEMIRIM,16,ES,1458,"R$ 67,20",646,56,"R$ 9.573,36"
544,1690,JARDIM CAMBURI,2111,VITORIA,16,ES,5057,"R$ 228,40",141,60,"R$ 31.186,34"
545,267,OURO BRANCO,1870,ALFREDO CHAVES,16,ES,30427,"R$ 0,00",602,140,"R$ 98.424,89"
546,1,CENTRO,2059,SANTA TERESA,16,ES,18050,"R$ 0,00",714,145,"R$ 77.946,57"
548,1510,FEU ROSA,2091,SERRA,16,ES,31791,"R$ 610,71",5,241,"R$ 67.764,36"
549,1451,RIO QUARTEL DE CIMA,1991,LINHARES,16,ES,538,"R$ 0,00",1828,3,"R$ 767,95"
550,1690,JARDIM CAMBURI,2111,VITORIA,16,ES,3679,"R$ 364,56",475,53,"R$ 7.199,16"
551,31,JARDIM DE ALAH,1912,CARIACICA,16,ES,2862,"R$ 0,00",1442,32,"R$ 25.972,98"
553,1563,CIVIT II,2091,SERRA,16,ES,190524,"R$ 12.987,20",5,391,"R$ 1.296.270,75"
554,321,MOISES REIS,630,EUNAPOLIS,6,BA,73810,"R$ 0,00",5,62,"R$ 139.882,93"
556,1180,SAO FRANCISCO  ASSIS,1904,CACHOEIRO DE ITAPEMIRIM,16,ES,123974,"R$ 3.090,81",6,713,"R$ 486.818,53"
558,18956,NOVA ROSA DA PENHA II,1912,CARIACICA,16,ES,1111,"R$ 315,84",544,38,"R$ 10.417,59"
559,1293,JARDIM CAMPO GRANDE,1912,CARIACICA,16,ES,4626,"R$ 0,00",1192,14,"R$ 20.812,50"
560,18635,GUARITAS,2101,VIANA,16,ES,397,"R$ 0,00",357,28,"R$ 4.420,70"
561,9553,MARCILIO DIAS II,1916,CONCEICAO DA BARRA,16,ES,3457,"R$ 0,00",687,51,"R$ 16.950,25"
562,1405,NSA SRA DA CONCEICAO,1991,LINHARES,16,ES,175827,"R$ 12.898,25",15,1101,"R$ 726.558,41"
564,1343,CARLOS GERMANO NAUMANN,1915,COLATINA,16,ES,15638,"R$ 0,00",552,146,"R$ 93.960,16"
565,1457,SERNAMBY,2083,SAO MATEUS,16,ES,1464,"R$ 0,00",1030,21,"R$ 7.140,75"
566,1464,CARAPINA,2091,SERRA,16,ES,846,"R$ 0,00",751,28,"R$ 5.444,67"
567,1533,DAS LARANJEIRAS,2091,SERRA,16,ES,180126,"R$ 5.885,90",5,1973,"R$ 849.254,92"
568,280,VILA NOVA,1915,COLATINA,16,ES,897,"R$ 0,00",953,22,"R$ 7.469,04"
569,18747,JARDIM BOTANICO ,1912,CARIACICA,16,ES,37278,"R$ 2.132,09",1,323,"R$ 83.869,38"
571,18847,MORADA C GRANDE II  ,1912,CARIACICA,16,ES,628,"R$ 0,00",762,15,"R$ 3.758,78"
572,18823,SAO SEBASTIAO DO MEIO ,10077,SANTA MARIA DE JETIBA,16,ES,3804,"R$ 0,00",558,87,"R$ 38.377,39"
573,18645,JACARAIPE,2091,SERRA,16,ES,30,"R$ 0,00",1905,2,"R$ 393,92"
574,1630,SOTECO,2107,VILA VELHA,16,ES,2270,"R$ 118,61",569,123,"R$ 17.391,24"
575,557,CAMPO GRANDE,1912,CARIACICA,16,ES,13178,"R$ 2.361,22",8,144,"R$ 107.990,36"
576,1,CENTRO,1991,LINHARES,16,ES,2894,"R$ 1.803,94",1374,59,"R$ 26.874,86"
577,1435,INTERLAGOS,2107,VILA VELHA,16,ES,50,"R$ 0,00",1813,6,"R$ 453,36"
579,18664,JOAO DUARTE MANSO,1864,AFONSO CLAUDIO,16,ES,3783,"R$ 91,95",1646,22,"R$ 13.123,25"
580,39,BELA VISTA,1127,TEIXEIRA DE FREITAS,6,BA,8646,"R$ 0,00",44,142,"R$ 75.629,20"
581,1,CENTRO,1989,LARANJA DA TERRA,16,ES,2914,"R$ 0,00",1790,8,"R$ 7.220,10"
582,798,JARDIM AMERICA,1912,CARIACICA,16,ES,15207,"R$ 0,00",1415,86,"R$ 121.232,33"
583,671,ULISSES GUIMARAES,2107,VILA VELHA,16,ES,6086,"R$ 0,00",1049,19,"R$ 7.492,00"
584,470,NSA SRA DA PENHA,2107,VILA VELHA,16,ES,9154,"R$ 348,14",1387,47,"R$ 14.146,08"
585,1533,DAS LARANJEIRAS,2091,SERRA,16,ES,8954,"R$ 0,00",398,48,"R$ 14.249,32"
586,1533,DAS LARANJEIRAS,2091,SERRA,16,ES,21030,"R$ 4.734,17",35,359,"R$ 115.450,55"
588,1,CENTRO,2094,SOORETAMA,16,ES,15502,"R$ 1.239,54",15,257,"R$ 120.074,68"
593,557,CAMPO GRANDE,1912,CARIACICA,16,ES,31007,"R$ 13.582,89",1255,107,"R$ 296.251,36"
594,44,TANCREDO NEVES,556,CARAVELAS,6,BA,8316,"R$ 399,25",26,163,"R$ 37.950,43"
595,225,SANTA RITA,2107,VILA VELHA,16,ES,28326,"R$ 0,00",8,224,"R$ 41.844,43"
599,1613,JARDIM GUARANHUNS,2107,VILA VELHA,16,ES,2158,"R$ 413,40",1056,25,"R$ 3.145,98"
603,1346,JOSE DE ANCHIETA,2091,SERRA,16,ES,198,"R$ 0,00",1812,7,"R$ 1.510,84"
604,18637,VILA DAS ORQUIDEAS,1995,MARECHAL FLORIANO,16,ES,2351,"R$ 0,00",302,16,"R$ 6.263,65"
605,1537,NOVA CARAPINA I,2091,SERRA,16,ES,22032,"R$ 24,66",189,168,"R$ 85.177,94"
610,18638,CID MOREIRA,1945,GUACUI,16,ES,148531,"R$ 3.753,00",6,552,"R$ 193.928,57"
611,170,GLORIA,2107,VILA VELHA,16,ES,88,"R$ 139,46",1693,5,"R$ 246,14"
612,4046,ZONA RURAL,2059,SANTA TERESA,16,ES,276,"R$ 128,36",427,11,"R$ 2.808,83"
613,45,NOVO HORIZONTE,1991,LINHARES,16,ES,4546,"R$ 0,00",951,60,"R$ 31.992,19"
614,1211,ALTO NOVO PARQUE,1904,CACHOEIRO DE ITAPEMIRIM,16,ES,70455,"R$ 617,89",35,398,"R$ 149.629,85"
615,170,GLORIA,2107,VILA VELHA,16,ES,11941,"R$ 0,00",5,271,"R$ 113.449,83"
617,1,CENTRO,1929,DOMINGOS MARTINS,16,ES,18154,"R$ 0,00",107,107,"R$ 23.969,72"
618,18639,GOYTACAZES,6990,CAMPOS DOS GOYTACAZES,7,RJ,12964,"R$ 1.766,65",21,268,"R$ 163.273,82"
619,1595,ALTEROSAS,2091,SERRA,16,ES,1767,"R$ 0,00",28,74,"R$ 20.847,07"
621,1572,PLANALTO DE CARAPINA,2091,SERRA,16,ES,371,"R$ 0,00",1458,23,"R$ 3.168,98"
622,18640,GUARUS,6990,CAMPOS DOS GOYTACAZES,7,RJ,7713,"R$ 769,63",49,228,"R$ 97.999,07"
623,1730,BARRO VERMELHO,2111,VITORIA,16,ES,55053,"R$ 643,28",22,439,"R$ 77.322,79"
627,1630,SOTECO,2107,VILA VELHA,16,ES,11685,"R$ 0,00",51,132,"R$ 135.438,59"
628,1402,PRAIA DO MORRO,1947,GUARAPARI,16,ES,97,"R$ 0,00",1114,3,"R$ 844,84"
629,1307,VALPARAISO,1912,CARIACICA,16,ES,3090,"R$ 0,00",37,98,"R$ 26.693,68"
630,1344,SAO SILVANO,1915,COLATINA,16,ES,3902,"R$ 0,00",259,114,"R$ 30.788,30"
631,1,CENTRO,1995,MARECHAL FLORIANO,16,ES,39176,"R$ 2.083,93",5,186,"R$ 75.670,52"
636,1,CENTRO,1933,ECOPORANGA,16,ES,114997,"R$ 0,00",9,339,"R$ 140.370,48"
638,1,CENTRO,1864,AFONSO CLAUDIO,16,ES,60006,"R$ 0,00",13,303,"R$ 124.538,22"
640,1654,GAROTO,2107,VILA VELHA,16,ES,26,"R$ 0,00",1826,3,"R$ 390,23"
641,1514,CASCATA,2091,SERRA,16,ES,131,"R$ 0,00",1741,8,"R$ 1.106,38"
642,1614,BARRA DO JUCU,2107,VILA VELHA,16,ES,1102,"R$ 0,00",776,16,"R$ 3.336,55"
645,1351,MARIA ISMENIA,1915,COLATINA,16,ES,509,"R$ 0,00",1503,13,"R$ 3.440,06"
646,369,AEROPORTO,2011,NOVA VENECIA,16,ES,5728,"R$ 865,84",876,61,"R$ 33.002,13"
647,369,AEROPORTO,1904,CACHOEIRO DE ITAPEMIRIM,16,ES,50,"R$ 0,00",1559,3,"R$ 416,64"
649,1,CENTRO,2105,VILA PAVAO,16,ES,28687,"R$ 0,00",65,103,"R$ 38.087,93"
650,4100,GRAMA,1864,AFONSO CLAUDIO,16,ES,74,"R$ 0,00",1877,2,"R$ 748,40"
651,45,NOVO HORIZONTE,2091,SERRA,16,ES,15234,"R$ 287,05",35,336,"R$ 128.780,36"
652,1,CENTRO,1951,IBIRACU,16,ES,7310,"R$ 141,56",5,296,"R$ 63.517,44"
653,1675,BARRAMARES,2107,VILA VELHA,16,ES,29685,"R$ 297,86",30,230,"R$ 40.095,08"
654,18768,ILMENITA,1994,MARATAIZES,16,ES,2383,"R$ 613,20",299,84,"R$ 19.676,44"
655,1,CENTRO,2046,RIO NOVO DO SUL,16,ES,3184,"R$ 108,69",8,116,"R$ 27.388,59"
656,18702,RESIDENCIAL CENTRO DA SERRA,2091,SERRA,16,ES,1058,"R$ 293,84",195,37,"R$ 9.526,15"
657,1,CENTRO,1955,ICONHA,16,ES,2424,"R$ 0,00",1444,16,"R$ 6.476,10"
658,18645,JACARAIPE,2091,SERRA,16,ES,28138,"R$ 1.119,89",176,253,"R$ 81.366,33"
659,1186,MARBRASA,1904,CACHOEIRO DE ITAPEMIRIM,16,ES,3739,"R$ 0,00",21,60,"R$ 33.726,27"
660,1569,DIAMANTINA,2091,SERRA,16,ES,4602,"R$ 2.194,53",1178,89,"R$ 35.493,04"
661,1533,DAS LARANJEIRAS,2091,SERRA,16,ES,7055,"R$ 0,00",26,136,"R$ 49.513,85"
663,1,CENTRO,1947,GUARAPARI,16,ES,2829,"R$ 0,00",677,57,"R$ 24.484,61"
669,1558,BOA VISTA II,2091,SERRA,16,ES,1953,"R$ 471,10",91,74,"R$ 23.437,51"
672,1,CENTRO,2111,VITORIA,16,ES,1233,"R$ 0,00",805,12,"R$ 1.631,42"
673,1343,CARLOS GERMANO NAUMANN,1915,COLATINA,16,ES,888,"R$ 0,00",182,14,"R$ 5.911,67"
676,5,SAO FRANCISCO,994,PORTO SEGURO,6,BA,26695,"R$ 0,00",796,37,"R$ 28.989,26"
678,18646,WALDIR FURTADO DE AMORIM,1904,CACHOEIRO DE ITAPEMIRIM,16,ES,71,"R$ 0,00",1822,1,"R$ 616,58"
679,1675,BARRAMARES,2107,VILA VELHA,16,ES,80,"R$ 0,00",1736,3,"R$ 1.151,40"
680,18735,BARROLANDIA,467,BELMONTE,6,BA,44306,"R$ 298,45",40,135,"R$ 58.825,90"
681,1,CENTRO,1952,IBITIRAMA,16,ES,30469,"R$ 1.648,90",7,539,"R$ 127.964,47"
682,1513,SERRA DOURADA II,2091,SERRA,16,ES,35817,"R$ 568,47",768,312,"R$ 160.902,32"
683,1,CENTRO,467,BELMONTE,6,BA,22690,"R$ 248,60",860,67,"R$ 43.897,80"
684,18647,CENTRO/GUAIU,1042,SANTA CRUZ CABRALIA,6,BA,42069,"R$ 1.826,08",5,146,"R$ 144.384,04"
685,1,CENTRO,1959,IRUPI,16,ES,1085,"R$ 0,00",1121,30,"R$ 8.690,04"
687,648,JARDIM CARAIPE,1127,TEIXEIRA DE FREITAS,6,BA,210456,"R$ 168,74",5,415,"R$ 223.895,36"
690,278,SAO SEBASTIAO,998,PRADO,6,BA,78705,"R$ 111,55",26,346,"R$ 82.553,71"
692,36,CONQUISTA,2111,VITORIA,16,ES,282,"R$ 0,00",120,21,"R$ 2.754,96"
693,1,CENTRO,1866,AGUA DOCE DO NORTE,16,ES,29098,"R$ 920,00",21,120,"R$ 52.800,93"
696,18648,ARRAIAL D' AJUDA,994,PORTO SEGURO,6,BA,56373,"R$ 1.992,54",15,282,"R$ 180.274,80"
700,1157,GUAXINDIBA,1882,ARACRUZ,16,ES,2901,"R$ 1.341,49",9,115,"R$ 22.057,51"
702,39,BELA VISTA,1882,ARACRUZ,16,ES,45805,"R$ 0,00",16,236,"R$ 83.610,58"
704,1,CENTRO,753,ITAMARAJU,6,BA,28301,"R$ 615,96",1393,89,"R$ 44.519,49"
706,310,PITANGA,2091,SERRA,16,ES,3753,"R$ 0,00",14,41,"R$ 7.319,45"
709,786,BONSUCESSO,2083,SAO MATEUS,16,ES,3800,"R$ 0,00",1801,10,"R$ 7.020,97"
710,650,SAO LOURENCO,1127,TEIXEIRA DE FREITAS,6,BA,858,"R$ 0,00",1710,4,"R$ 3.813,60"
712,18704,IRMAOS FERNANDES,1905,BARRA SAO FRANCISCO,16,ES,2531,"R$ 0,00",1675,8,"R$ 8.986,34"
713,225,SANTA RITA,1127,TEIXEIRA DE FREITAS,6,BA,107906,"R$ 833,10",5,512,"R$ 500.575,55"
714,18617,FILOMENA,2011,NOVA VENECIA,16,ES,1079,"R$ 0,00",19,61,"R$ 12.344,43"
715,1626,PRAIA DE ITAPARICA,2107,VILA VELHA,16,ES,1002,"R$ 0,00",1805,3,"R$ 300,00"
716,1588,NOVA ZELANDIA,2091,SERRA,16,ES,683,"R$ 0,00",1727,7,"R$ 5.580,00"
723,4046,ZONA RURAL,1995,MARECHAL FLORIANO,16,ES,1217,"R$ 0,00",100,50,"R$ 13.577,51"
724,1558,BOA VISTA II,2091,SERRA,16,ES,38111,"R$ 19.250,00",42,124,"R$ 313.856,48"
726,1564,VISTA DA SERRA II,2091,SERRA,16,ES,66023,"R$ 15.992,07",6,424,"R$ 560.513,95"
727,100,SANTA LUCIA,2111,VITORIA,16,ES,220,"R$ 0,00",1792,6,"R$ 1.962,18"
730,369,AEROPORTO,1904,CACHOEIRO DE ITAPEMIRIM,16,ES,123381,"R$ 63,20",21,508,"R$ 201.937,01"
731,1,CENTRO,1042,SANTA CRUZ CABRALIA,6,BA,47887,"R$ 0,00",1136,161,"R$ 126.600,91"
733,1525,JARDIM DA SERRA,2091,SERRA,16,ES,3373,"R$ 0,00",26,234,"R$ 47.345,52"
734,1,CENTRO,10077,SANTA MARIA DE JETIBA,16,ES,2485,"R$ 0,00",516,31,"R$ 16.903,49"
735,1698,PARQUE MOSCOSO,2111,VITORIA,16,ES,49,"R$ 0,00",1905,8,"R$ 289,30"
737,1572,PLANALTO DE CARAPINA,2091,SERRA,16,ES,208,"R$ 0,00",1570,8,"R$ 1.765,37"
738,18651,DISTRITO SAO JOSE DE FRUTEIRAS,2098,VARGEM ALTA,16,ES,3185,"R$ 0,00",43,63,"R$ 16.360,56"
739,18630,NOSSA SENHORA DA PENHA,2107,VILA VELHA,16,ES,591,"R$ 0,00",1364,9,"R$ 1.768,90"
740,18627,SEDE,904,MUCURI,6,BA,5024,"R$ 0,00",433,19,"R$ 7.163,66"
742,18618,SANTO ANTONIO DO CANAA,2059,SANTA TERESA,16,ES,149,"R$ 0,00",1541,4,"R$ 1.280,88"
743,8911,PORTO DA PEDRA,7173,SAO GONCALO,7,RJ,176,"R$ 0,00",1815,6,"R$ 2.093,81"
744,1639,COBILANDIA,2107,VILA VELHA,16,ES,92821,"R$ 2.908,32",44,396,"R$ 164.172,84"
745,9322,IZABEL,1929,DOMINGOS MARTINS,16,ES,7147,"R$ 0,00",5,92,"R$ 28.150,18"
747,1,CENTRO,1991,LINHARES,16,ES,851,"R$ 0,00",973,55,"R$ 7.574,58"
749,4100,GRAMA,1864,AFONSO CLAUDIO,16,ES,23827,"R$ 81,20",5,181,"R$ 52.958,04"
750,4100,GRAMA,1864,AFONSO CLAUDIO,16,ES,42013,"R$ 0,00",1070,60,"R$ 28.226,89"
752,1151,JEQUITIBA,1882,ARACRUZ,16,ES,697,"R$ 0,00",432,8,"R$ 1.499,29"
756,1618,CRISTOVAO COLOMBO,2107,VILA VELHA,16,ES,11411,"R$ 183,84",6,479,"R$ 153.892,96"
757,1,CENTRO,1982,JAGUARE,16,ES,49996,"R$ 137,50",15,379,"R$ 158.775,41"
759,1644,VILA BATISTA,2107,VILA VELHA,16,ES,64,"R$ 0,00",1706,5,"R$ 582,06"
760,4046,ZONA RURAL,5310,BONITO,10,PE,10615,"R$ 0,00",14,73,"R$ 130.115,84"
761,1,CENTRO,1931,DORES DO RIO PRETO,16,ES,59121,"R$ 391,70",141,165,"R$ 140.593,91"
762,18627,SEDE,467,BELMONTE,6,BA,8488,"R$ 0,00",1294,45,"R$ 8.713,75"
763,328,DINA BORGES,630,EUNAPOLIS,6,BA,8036,"R$ 0,00",65,64,"R$ 31.372,54"
765,1634,ATAIDE,2107,VILA VELHA,16,ES,466,"R$ 0,00",1562,6,"R$ 913,40"
766,13346,ITAPARICA,2107,VILA VELHA,16,ES,162,"R$ 0,00",576,11,"R$ 1.456,56"
767,1527,SAO PATRICIO,2091,SERRA,16,ES,1466,"R$ 33,09",163,67,"R$ 12.123,93"
769,1624,PRAIA DA COSTA,2107,VILA VELHA,16,ES,23540,"R$ 990,61",1532,63,"R$ 81.297,03"
770,1,CENTRO,2107,VILA VELHA,16,ES,1987,"R$ 946,00",1073,33,"R$ 6.607,42"
771,39,BELA VISTA,1882,ARACRUZ,16,ES,214,"R$ 0,00",1092,9,"R$ 1.837,89"
775,1684,ENSEADA DO SUA,2111,VITORIA,16,ES,7097,"R$ 0,00",1526,34,"R$ 15.402,79"
776,399,FATIMA,1882,ARACRUZ,16,ES,359,"R$ 0,00",35,7,"R$ 2.303,60"
777,1563,CIVIT II,2091,SERRA,16,ES,16601,"R$ 0,00",5,121,"R$ 74.731,91"
780,1622,VALE ENCANTADO,2107,VILA VELHA,16,ES,704,"R$ 0,00",1702,19,"R$ 6.581,75"
784,10312,SAO RAFAEL,2100,VENDA NOVA IMIGRANTE,16,ES,132207,"R$ 3.090,78",96,537,"R$ 254.372,82"
814,1606,BOA VISTA I,2107,VILA VELHA,16,ES,3924,"R$ 0,00",653,55,"R$ 7.856,46"
815,18846,VILA JETIBA ,10077,SANTA MARIA DE JETIBA,16,ES,229,"R$ 0,00",1892,2,"R$ 1.903,25"
817,18659,RUBIA,2011,NOVA VENECIA,16,ES,5254,"R$ 246,64",9,165,"R$ 37.446,71"
819,1505,JARDIM LIMOEIRO,2091,SERRA,16,ES,642,"R$ 163,92",35,43,"R$ 5.535,74"
822,18704,IRMAOS FERNANDES,1905,BARRA SAO FRANCISCO,16,ES,38388,"R$ 755,79",9,251,"R$ 130.751,12"
825,182,SANTO ANTONIO,2043,RIO BANANAL,16,ES,13160,"R$ 1.885,00",51,195,"R$ 90.627,04"
831,18749,BARRA DO ITAPEMIRIM,1994,MARATAIZES,16,ES,477,"R$ 0,00",1759,21,"R$ 4.301,06"
836,1568,PLANALTO SERRANO BLOCO A,2091,SERRA,16,ES,4292,"R$ 0,00",587,34,"R$ 6.395,13"
839,18843,CARIBE ITABATA,904,MUCURI,6,BA,25503,"R$ 158,23",6,117,"R$ 22.315,65"
840,1630,SOTECO,2107,VILA VELHA,16,ES,74,"R$ 0,00",1891,2,"R$ 386,68"
844,1696,PRAIA DO CANTO,2111,VITORIA,16,ES,7820,"R$ 0,00",1485,12,"R$ 4.734,20"
846,1692,JESUS DE NAZARETH,2111,VITORIA,16,ES,460,"R$ 0,00",19,38,"R$ 4.191,40"
848,1,CENTRO,1876,ANCHIETA,16,ES,9026,"R$ 509,20",7,246,"R$ 46.744,03"
850,18741,FREI CALIXTO,994,PORTO SEGURO,6,BA,11930,"R$ 1.757,01",201,32,"R$ 14.253,97"
855,1,CENTRO,2031,PONTO BELO,16,ES,11894,"R$ 0,00",14,183,"R$ 75.277,08"
865,18856,SAO JOSE DE FRUTEIRAS,2098,VARGEM ALTA,16,ES,71666,"R$ 58,24",37,395,"R$ 121.616,58"
867,1,CENTRO,1985,JOAO NEIVA,16,ES,3968,"R$ 0,00",194,102,"R$ 34.812,70"
869,18654,NOVA CARAIVA,994,PORTO SEGURO,6,BA,21816,"R$ 1.959,08",85,71,"R$ 40.850,58"
870,18655,VILA REAL SEDE,1996,MARILANDIA,16,ES,371,"R$ 0,00",1514,6,"R$ 2.040,17"
871,1706,SOLON BORGES,2111,VITORIA,16,ES,671,"R$ 0,00",616,26,"R$ 5.976,54"
874,1,CENTRO,2031,PONTO BELO,16,ES,11421,"R$ 0,00",127,115,"R$ 34.497,59"
875,18656,PREFEITO RAUL GIUBERTI,1915,COLATINA,16,ES,4277,"R$ 0,00",294,94,"R$ 59.255,75"
876,554,SANTA CRUZ,1991,LINHARES,16,ES,12498,"R$ 0,00",15,86,"R$ 16.568,98"
878,1537,NOVA CARAPINA I,2091,SERRA,16,ES,1110,"R$ 0,00",653,22,"R$ 4.789,46"
881,3886,PENHA,2059,SANTA TERESA,16,ES,1943,"R$ 0,00",147,51,"R$ 21.315,20"
891,1595,ALTEROSAS,2091,SERRA,16,ES,29510,"R$ 300,21",22,249,"R$ 61.467,37"
894,18832,CHAPADA GRANDE,2091,SERRA,16,ES,1714,"R$ 0,00",36,38,"R$ 18.769,27"
930,753,SAO BENTO,2088,SAO ROQUE DO CANAA,16,ES,36,"R$ 0,00",1514,3,"R$ 327,68"
931,1475,GURIRI SUL,2083,SAO MATEUS,16,ES,1849,"R$ 0,00",5,62,"R$ 21.905,24"
933,39,BELA VISTA,1882,ARACRUZ,16,ES,563,"R$ 0,00",1734,3,"R$ 2.301,00"
937,1707,TABUAZEIRO,2111,VITORIA,16,ES,407,"R$ 0,00",1078,20,"R$ 3.702,60"
939,4046,ZONA RURAL,1959,IRUPI,16,ES,191,"R$ 0,00",1693,3,"R$ 1.185,74"
942,1370,ESPLANADA,1913,CASTELO,16,ES,968,"R$ 0,00",1741,15,"R$ 6.893,46"
950,1522,DE FATIMA,2091,SERRA,16,ES,0,"R$ 0,00",133,33,"R$ 68.000,00"
953,1,CENTRO,2091,SERRA,16,ES,464,"R$ 0,00",1076,6,"R$ 1.344,16"
964,1689,VILA RUBIM,2111,VITORIA,16,ES,1055,"R$ 0,00",1842,8,"R$ 1.472,67"
987,1505,JARDIM LIMOEIRO,2091,SERRA,16,ES,332,"R$ 0,00",538,107,"R$ 3.048,84"
998,159,CIDADE NOVA,1994,MARATAIZES,16,ES,17190,"R$ 2.776,88",12,381,"R$ 140.512,53"