IDCLI,CODBAI,NOMEBAI,CODCID,NOMECID,CODUF,UF,PESOBRUTO,DEVOLUCAO,RECENCIA,FREQUENCIA,MONETARY,,,
1,1563,CIVIT II,2091,SERRA,16,ES,"821019,1576","3811,34",7,6080,"17696855,98",,,
2,1588,NOVA ZELANDIA,2091,SERRA,16,ES,"2020849,206","10682,13",308,4068,"6424627,76",,,
3,1563,CIVIT II,2091,SERRA,16,ES,"3533839,727","703956,78",676,5603,"13497250,34",,,
4,1588,NOVA ZELANDIA,2091,SERRA,16,ES,"18481426,39","281533,99",675,5329,"11619930,87",,,
5,1565,HELIO FERRAZ,2091,SERRA,16,ES,"1387,992",0,63,37,"9078,8",,,
6,1,CENTRO,1889,BAIXO GUANDU,16,ES,"80219,01793","2315,25",72,129,"187484,5",,,
7,1225,WALDIR FURTADO AMORIM,1904,CACHOEIRO DE ITAPEMIRIM,16,ES,"368,8104",0,954,27,"3039,6",,,
10,470,NSA SRA DA PENHA,2107,VILA VELHA,16,ES,"24370,1078",0,13,152,"216953,11",,,
11,1724,ITARARE,2111,VITORIA,16,ES,"32112,65485","1185,18",5,973,"230656,33",,,
12,1714,DA PENHA,2111,VITORIA,16,ES,"2000,1396","165,96",271,46,"6582,14",,,
13,1525,JARDIM DA SERRA,2091,SERRA,16,ES,"48110,8664","1255,02",7,513,"156910,44",,,
15,450,CASTELO BRANCO,1912,CARIACICA,16,ES,"56561,89118",0,37,290,"162628,36",,,
16,1410,ITAPEBUSSU,1947,GUARAPARI,16,ES,"21791,065",78,41,187,"66535,37",,,
17,1639,COBILANDIA,2107,VILA VELHA,16,ES,"89897,19754","13429,35",6,1084,"786502,63",,,
18,1630,SOTECO,2107,VILA VELHA,16,ES,"299,712",0,268,10,"2860,8",,,
20,1518,NOVA CARAPINA II,2091,SERRA,16,ES,"6659,7146","416,49",8,354,"55926,58",,,
21,71,BAIXA GRANDE,6990,CAMPOS DOS GOYTACAZES,7,RJ,"27652,3908",0,8,243,"202941,55",,,
22,1626,PRAIA DE ITAPARICA,2107,VILA VELHA,16,ES,"13695,0056","3757,2",174,131,"125661,13",,,
24,18827,DISTRITO DE COUTINHO ,1904,CACHOEIRO DE ITAPEMIRIM,16,ES,"1301,718",0,1681,13,"4887,53",,,
27,1,CENTRO,1917,CONCEICAO DO CASTELO,16,ES,"64519,48935","249,9",65,149,"56776,64",,,
30,1341,HONORIO FRAGA,1915,COLATINA,16,ES,"3242,5",0,1127,53,"18855,03",,,
31,1164,CENTRO INDUSTRIAL,1882,ARACRUZ,16,ES,"2595,876",0,111,41,"19840,82",,,
32,1156,PRAIA DE MAR AZUL,1882,ARACRUZ,16,ES,"7057,30852","1015,81",62,128,"25245,96",,,
33,18627,SEDE,1945,GUACUI,16,ES,"39,648",0,1871,2,"445,08",,,
34,399,FATIMA,1882,ARACRUZ,16,ES,"101627,6308","33728,91",13,282,"873173,56",,,
37,18787,CORREGO DO OURO ,1915,COLATINA,16,ES,"12559,0704","3657,17",5,234,"92167,7",,,
38,18626,BANANEIRAS,2100,VENDA NOVA IMIGRANTE,16,ES,"1884,9",0,35,35,"23950,18",,,
39,1443,VILA BETANIA,2101,VIANA,16,ES,"730,376",0,937,15,"4580,96",,,
40,1,CENTRO,2111,VITORIA,16,ES,"2886,8722",0,54,138,"28442,88",,,
41,1268,AREINHA,2101,VIANA,16,ES,"4497,4114",0,433,133,"42752,23",,,MONETARY: Valor total das compras realizadas pelo cliente
42,1357,VILA LENIRA,1915,COLATINA,16,ES,"4357,50099",0,882,29,"8099,73",,,
44,1,CENTRO,2059,SANTA TERESA,16,ES,"4309,0787","1198,66",20,170,"48026,67",,,
46,1690,JARDIM CAMBURI,2111,VITORIA,16,ES,"93,58","53,16",1413,11,"954,9",,,
48,1525,JARDIM DA SERRA,2091,SERRA,16,ES,"5782,57075",0,1280,68,"14591,5",,,
49,1620,PONTA DA FRUTA,2107,VILA VELHA,16,ES,"5755,3","609,34",20,138,"35239,66",,,
53,1245,SAO JOAO BATISTA,1912,CARIACICA,16,ES,"525,2096",0,36,4281,"2968,62",,,
54,73,ITAPOA,2107,VILA VELHA,16,ES,"3722,5886",0,926,31,"28396,92",,,
56,1145,JACUPEMBA,1882,ARACRUZ,16,ES,"15310,1246",0,5,367,"126440,43",,,
57,208,SAO JOSE,1945,GUACUI,16,ES,"51053,38423",0,12,320,"134864,58",,,
58,1,CENTRO,1933,ECOPORANGA,16,ES,"42275,24759","536,84",15,251,"161820,15",,,
60,1252,VILA CAPIXABA,1912,CARIACICA,16,ES,"17859,3988",0,69,127,"171145,17",,,
61,1640,RIVIERA DA BARRA,2107,VILA VELHA,16,ES,"179,5",0,1224,3,"1062,18",,,
62,1626,PRAIA DE ITAPARICA,2107,VILA VELHA,16,ES,"15190,38651",523,30,157,"24035,43",,,
63,45,NOVO HORIZONTE,1991,LINHARES,16,ES,"2071,424","1137,6",1632,52,"16960,02",,,
64,1640,RIVIERA DA BARRA,2107,VILA VELHA,16,ES,"244,95",0,1848,4,"2082,96",,,
65,1344,SAO SILVANO,1915,COLATINA,16,ES,"126051,6792","644,4",5,420,"215889,37",,,
67,280,VILA NOVA,1912,CARIACICA,16,ES,"40722,0161","882,25",5,308,"89012,77",,,
68,1,CENTRO,6990,CAMPOS DOS GOYTACAZES,7,RJ,"18536,3298","1509,42",21,319,"206759,13",,,
69,1675,BARRAMARES,2107,VILA VELHA,16,ES,"1122,5",0,169,15,"1768,34",,,
71,16629,VILA ARAGUAIA,1995,MARECHAL FLORIANO,16,ES,"21392,7508","300,88",19,477,"225266,17",,,
73,308,NOVA BRASILIA,1912,CARIACICA,16,ES,"7923,5164","628,15",14,424,"69018,44",,,
76,1694,JARDIM DA PENHA,2111,VITORIA,16,ES,"1555,0452",0,141,17,"13140,65",,,
77,1,CENTRO,1901,BREJETUBA,16,ES,"232172,9359",0,1,706,"437730,26",,,
78,1,CENTRO,7122,PINHEIRAL,7,RJ,772,0,566,8,"9166,78",,,
79,18835,PQE VICENTE G DIAS ,6990,CAMPOS DOS GOYTACAZES,7,RJ,"1423,0306","947,1",112,59,"17522,26",,,
81,280,VILA NOVA,2059,SANTA TERESA,16,ES,"7515,07427",0,278,116,"45641,16",,,
82,1694,JARDIM DA PENHA,2111,VITORIA,16,ES,"428,588",0,1455,24,"2338,32",,,
83,1578,VILA NOVA DE COLARES,2091,SERRA,16,ES,"3115,9578",0,15,120,"24345,36",,,
84,1252,VILA CAPIXABA,1912,CARIACICA,16,ES,"26297,58933","1655,23",5,337,"88157,02",,,
85,5561,JARDIM ITAPUA,2107,VILA VELHA,16,ES,"11575,464","21,8",30,122,"38408,24",,,
87,1,CENTRO,1905,BARRA SAO FRANCISCO,16,ES,"160813,292","3569,7",9,471,"253499,22",,,
88,1624,PRAIA DA COSTA,2107,VILA VELHA,16,ES,"5083,1668",0,1063,57,"12344,3",,,
89,1,CENTRO,10077,SANTA MARIA DE JETIBA,16,ES,"22384,367","231,78",37,263,"221135,69",,,
90,1675,BARRAMARES,2107,VILA VELHA,16,ES,"1206,1346",0,419,37,"5077,43",,,
91,1578,VILA NOVA DE COLARES,2091,SERRA,16,ES,"1005,6652","14,4",1440,42,"4287,08",,,
92,1258,PORTO DE SANTANA,1912,CARIACICA,16,ES,"94936,4924","197,53",6,406,"168808,29",,,
94,1630,SOTECO,2107,VILA VELHA,16,ES,"34449,4241","130,2",5,135,"40267,06",,,
95,660,IPIRANGA,1947,GUARAPARI,16,ES,"3858,5407",0,1412,43,"13658,44",,,
99,1505,JARDIM LIMOEIRO,2091,SERRA,16,ES,"399,4882",0,1199,21,"4295,64",,,
102,1634,ATAIDE,2107,VILA VELHA,16,ES,"13590,3544","771,06",8,367,"81310,32",,,
103,182,SANTO ANTONIO,2111,VITORIA,16,ES,"14873,3754","108,91",5,404,"105149,33",,,
104,1644,VILA BATISTA,2107,VILA VELHA,16,ES,"141978,4956","7893,72",7,512,"252958,57",,,
105,1629,GUARANHUNS,2107,VILA VELHA,16,ES,"11477,2612",0,685,57,"16126,04",,,
106,18623,BACAXA,7191,SAQUAREMA,7,RJ,"4057,914",0,22,100,"51527,69",,,
107,1,CENTRO,1904,CACHOEIRO DE ITAPEMIRIM,16,ES,"1407,0084",0,7,59,"11941,12",,,
109,1510,FEU ROSA,2091,SERRA,16,ES,"11709,27575","1081,92",35,250,"59171,5",,,
110,557,CAMPO GRANDE,1912,CARIACICA,16,ES,"8044,2342","122,56",5,163,"27880,76",,,
111,1346,JOSE DE ANCHIETA,2091,SERRA,16,ES,"17711,00294","276,06",1008,186,"63409,58",,,
112,1,CENTRO,2098,VARGEM ALTA,16,ES,"14098,08773",0,68,117,"62489,21",,,
113,1630,SOTECO,2107,VILA VELHA,16,ES,"6479,6528","578,26",20,208,"45750,04",,,
114,1620,PONTA DA FRUTA,2107,VILA VELHA,16,ES,"93444,35539","3773,97",5,769,"226909,98",,,
115,882,COQUEIRAL,1882,ARACRUZ,16,ES,"60527,89404","398,6",48,239,"151441,66",,,
116,1618,CRISTOVAO COLOMBO,2107,VILA VELHA,16,ES,"28,98",0,1818,3,"122,4",,,
117,308,NOVA BRASILIA,1904,CACHOEIRO DE ITAPEMIRIM,16,ES,"265250,2835","685,83",7,840,"439984,16",,,
118,1675,BARRAMARES,2107,VILA VELHA,16,ES,"3163,995","1516,85",1048,52,"11781,22",,,
119,7320,JARDIM ALAH,1912,CARIACICA,16,ES,"100474,0117","4519,55",7,559,"245291,74",,,
120,1575,MATA DA SERRA,2091,SERRA,16,ES,"11549,4698",0,14,154,"40225,61",,,
122,1686,GRANDE VITORIA,2111,VITORIA,16,ES,"9731,862",0,7,110,"33849,94",,,
123,1731,NOVA PALESTINA,2111,VITORIA,16,ES,1100,0,1114,18,"6470,36",,,
124,13346,ITAPARICA,2107,VILA VELHA,16,ES,"1501,1776",0,1499,19,"3597,02",,,
125,18688,GUANABARA PARQUE INDUSTRIAL,1977,IUNA,16,ES,"3056,9548",0,1476,19,"4240,55",,,
126,39,BELA VISTA,1912,CARIACICA,16,ES,"94035,6613","167,5",5,587,"187257,69",,,
127,1563,CIVIT II,2091,SERRA,16,ES,"137,04",0,1619,11,"1806,6",,,
129,1626,PRAIA DE ITAPARICA,2107,VILA VELHA,16,ES,"23,97991",0,1324,3,"52,79",,,
130,554,SANTA CRUZ,2100,VENDA NOVA IMIGRANTE,16,ES,"2823,5428",0,7,46,"16957,69",,,
131,1633,JARDIM MARILANDIA,2107,VILA VELHA,16,ES,"7014,3702","26,22",30,100,"70611,32",,,
132,1297,NOVA ROSA DA PENHA I,1912,CARIACICA,16,ES,"786,244",0,876,8,"1971,72",,,
134,1513,SERRA DOURADA II,2091,SERRA,16,ES,"206927,6229",5843,6,1132,"388160,18",,,
135,1505,JARDIM LIMOEIRO,2091,SERRA,16,ES,"2139,68",0,6,33,"12294,82",,,
138,1640,RIVIERA DA BARRA,2107,VILA VELHA,16,ES,"8233,029",0,26,287,"101537,6",,,
139,1262,BANDEIRANTES,1912,CARIACICA,16,ES,"116,174",0,1919,2,"943,24",,,
140,1346,JOSE DE ANCHIETA,2091,SERRA,16,ES,"10854,31333","309,99",1302,130,"38292,91",,,
141,4742,SAO DIOGO,2091,SERRA,16,ES,"36,568","49,68",1234,7,"174,24",,,
145,280,VILA NOVA,2107,VILA VELHA,16,ES,"1229,3293","653,4",870,39,"8411,06",,,
146,1346,JOSE DE ANCHIETA,2091,SERRA,16,ES,"2135,6317",0,1359,36,"9778,67",,,
147,1634,ATAIDE,2107,VILA VELHA,16,ES,"2651,53566","263,82",51,115,"19096,13",,,
150,1559,SAO MARCOS II,2091,SERRA,16,ES,"15025,2016","82,98",22,365,"82798,3",,,
151,18620,MARCILIO DE NORONHA,2101,VIANA,16,ES,"5807,80575","609,23",462,55,"11815,11",,,
152,1564,VISTA DA SERRA II,2091,SERRA,16,ES,"28,82","121,24",1227,8,"121,24",,,
153,1630,SOTECO,2107,VILA VELHA,16,ES,"657,6816",0,174,36,"6249,49",,,
155,1464,CARAPINA,2091,SERRA,16,ES,"1404,88",0,54,30,"15736,85",,,
157,18627,SEDE,1864,AFONSO CLAUDIO,16,ES,"54,73",0,1857,2,"550,3",,,
159,1700,GURIGICA,2111,VITORIA,16,ES,"407,23",0,427,18,"887,29",,,
160,1149,SEGATTO,1882,ARACRUZ,16,ES,"29225,71851",0,5,209,"93001,41",,,
161,1718,ILHA DE SANTA MARIA,2111,VITORIA,16,ES,"112650,476","11729,31",5,2468,"833226,32",,,
162,18628,VERANEIO,7002,NOVA VICOSA,6,BA,"2021,834",0,1738,21,"13869,77",,,
166,1433,ARACA,1991,LINHARES,16,ES,"5169,5398","2467,68",27,42,"16897,1",,,FREQUÊNCIA: Número de compras realizadas pelo cliente
168,182,SANTO ANTONIO,2043,RIO BANANAL,16,ES,"2794,126",0,29,93,"33382,74",,,
170,1,CENTRO,10077,SANTA MARIA DE JETIBA,16,ES,"29149,3692","614,57",5,169,"110707,49",,,
171,18627,SEDE,1933,ECOPORANGA,16,ES,"11778,6594",0,926,85,"45517,57",,,
172,1,CENTRO,2053,SANTA LEOPOLDINA,16,ES,"936,1962",0,974,20,"9730,82",,,
173,1703,JOANA DARC,2111,VITORIA,16,ES,"14967,3685",0,1051,19,"9854,16",,,
174,1149,SEGATTO,1882,ARACRUZ,16,ES,"51473,1076","6116,5",5,848,"561309,78",,,
176,1684,ENSEADA DO SUA,2111,VITORIA,16,ES,"6258,3676",0,61,106,"52071,56",,,
179,170,GLORIA,2107,VILA VELHA,16,ES,"111210,1802","2748,05",14,981,"253020,58",,,
180,182,SANTO ANTONIO,2043,RIO BANANAL,16,ES,"17034,5435",0,57,113,"53921,92",,,
181,1684,ENSEADA DO SUA,2111,VITORIA,16,ES,"3,83",0,1573,3,25,,,
182,1641,VILA GARRIDO,2107,VILA VELHA,16,ES,"21699,567","501,99",7,150,"43889,64",,,
183,1252,VILA CAPIXABA,1912,CARIACICA,16,ES,"297,4224",0,1496,13,"2259,84",,,
184,1545,VISTA DA SERRA I,2091,SERRA,16,ES,"5009,4",0,37,86,"32362,96",,,
185,1614,BARRA DO JUCU,2107,VILA VELHA,16,ES,"97,2916","680,86",1538,4,"680,86",,,
186,1394,MUQUICABA,1947,GUARAPARI,16,ES,"32572,8826","261,8",106,131,"84181,1",,,
187,1525,JARDIM DA SERRA,2091,SERRA,16,ES,"1501,3596",0,1289,66,"14280,65",,,
188,1248,ITACIBA,1912,CARIACICA,16,ES,"1541,5068",0,709,61,"13793,47",,,
189,45,NOVO HORIZONTE,2091,SERRA,16,ES,"7044,2976",0,8,108,"23527,04",,,
192,263,SAO PEDRO,2111,VITORIA,16,ES,"13049,15232","66,18",1156,40,"17104,66",,,
193,1302,PARQUE RESL MARACANA,1912,CARIACICA,16,ES,"22372,79045",0,69,125,"16274,55",,,
195,317,ITAPUA,2107,VILA VELHA,16,ES,"2508,7074",0,104,70,"20280,68",,,
197,18616,FAROL DE SAO TOME,6990,CAMPOS DOS GOYTACAZES,7,RJ,"34110,07285",0,28,71,"33262,82",,,
198,1394,MUQUICABA,1947,GUARAPARI,16,ES,"886,857",0,455,20,"8170,01",,,
199,39,BELA VISTA,1882,ARACRUZ,16,ES,"2167,841",0,519,32,"18967,54",,,
200,1563,CIVIT II,2091,SERRA,16,ES,"4892,5",0,873,79,"32403,27",,,
201,1521,CHACARA PARREIRAL,2091,SERRA,16,ES,"3026,1622","731,07",77,127,"28566,2",,,
203,1,CENTRO,3418,LAJINHA,2,MG,"169156,607","11776,48",5,599,"444602,88",,,
206,1,CENTRO,556,CARAVELAS,6,BA,"54888,1651","18,94",19,327,"118746,69",,,
209,1,CENTRO,1970,ITAPEMIRIM,16,ES,"31139,9232","1952,28",16,301,"89604,51",,,
210,18802,LUIS EDUARDO MAGALHAES,998,PRADO,6,BA,"20512,2491",0,6,95,"71479,25",,,
211,1718,ILHA DE SANTA MARIA,2111,VITORIA,16,ES,"957,6268","293,51",1217,13,"3598,97",,,
212,319,TRANCOSO,994,PORTO SEGURO,6,BA,"55930,37389",0,5,343,"80977,2",,,
213,1724,ITARARE,2111,VITORIA,16,ES,"307,5168",0,1374,16,"2954,08",,,
214,223,SANTA INES,2107,VILA VELHA,16,ES,"91276,6731","65671,32",6,816,"997868,97",,,
215,18619,NOVA COREIA,556,CARAVELAS,6,BA,"415,25215",0,735,5,"1893,66",,,
218,1505,JARDIM LIMOEIRO,2091,SERRA,16,ES,"12609,3676",5988,750,80,"96203,04",,,
222,18623,BACAXA,7191,SAQUAREMA,7,RJ,"13502,3302",0,22,123,"93199,85",,,
223,1487,RIO PRETO DA BR,2083,SAO MATEUS,16,ES,"717,656",0,1727,15,"7102,71",,,
225,18829,DISTRITO ITAIMBE ,1963,ITAGUACU,16,ES,"502,8024",0,1386,9,"4096,78",,,
226,1613,JARDIM GUARANHUNS,2107,VILA VELHA,16,ES,"4718,2522",0,537,75,"34952,38",,,
227,1464,CARAPINA,2091,SERRA,16,ES,"3000,0627",0,176,36,"9424,44",,,
228,1249,SANTANA,1912,CARIACICA,16,ES,"2356,2824",0,96,78,"20936,33",,,
229,1,CENTRO,904,MUCURI,6,BA,"197316,9209","1260,23",5,595,"247719,54",,,
230,18779,CENTRO SEDE,904,MUCURI,6,BA,"59171,68151","216,22",5,213,"74117,58",,,
231,18682,SOIDO,1929,DOMINGOS MARTINS,16,ES,"6494,9217",0,98,55,"23949,26",,,
233,18686,MOACIR AVIDOS,1942,GOV LINDENBERG,16,ES,"5388,119","1388,97",44,166,"63408,25",,,
234,1150,MOROBA,1882,ARACRUZ,16,ES,"3829,4147",0,838,57,"26056,24",,,
235,1703,JOANA DARC,2111,VITORIA,16,ES,"1040,044",0,1807,5,615,,,
236,65,PLANALTO,2107,VILA VELHA,16,ES,"42739,0262",0,5,319,"339635,75",,,
237,194,SAO GERALDO,2091,SERRA,16,ES,"4194,56774",0,695,83,"10014,81",,,
239,1,CENTRO,1993,MANTENOPOLIS,16,ES,"16519,6769",0,404,35,"13815,2",,,
241,12197,MORADA SANTA FE,1912,CARIACICA,16,ES,"1216,2",0,686,21,"7626,15",,,
243,654,ALAGOAS,1127,TEIXEIRA DE FREITAS,6,BA,"34796,97425",0,19,406,"166855,7",,,UF: Sigla do estado do cliente
245,5464,QUILOMBO,1977,IUNA,16,ES,"18088,492","2782,34",13,171,"46162,9",,,
249,291,POLO PETROQUIMICO,526,CAMACARI,6,BA,"32983,424","16648,2",13,146,"418539,22",,,
250,1,CENTRO,2001,MONTANHA,16,ES,"295,52",0,1646,9,"1093,72",,,
253,1,CENTRO,7168,STO ANTONIO DE PADUA,7,RJ,"7566,204","784,31",1055,57,"66394,02",,,
254,45,NOVO HORIZONTE,2091,SERRA,16,ES,"5535,53335",0,1498,27,"9336,35",,,
255,18713,JARDIM BALNEARIO ELZ ,1994,MARATAIZES,16,ES,"21949,4166","2469,92",16,157,"58795,45",,,
256,1626,PRAIA DE ITAPARICA,2107,VILA VELHA,16,ES,"24,85",0,1111,3,84,,,
257,1,CENTRO,904,MUCURI,6,BA,"32728,62657","200,74",5,181,"36265,02",,,
258,18625,DISTRITO ITAOCA,1904,CACHOEIRO DE ITAPEMIRIM,16,ES,"4980,898",0,572,1358,48380,,,
259,241,BRASIL NOVO,1949,IBATIBA,16,ES,"1369,84",0,1651,12,"5872,9",,,
262,1418,OLARIA,9383,MEDEIROS NETO,6,BA,"51728,51153","339,62",391,155,"43169,35",,,
266,1,CENTRO,10077,SANTA MARIA DE JETIBA,16,ES,"1269,0412",0,1349,15,"2693,88",,,
267,1,CENTRO,1970,ITAPEMIRIM,16,ES,"10825,4788",0,56,237,"88276,47",,,
268,18849,DIST VARGEM GRANDE DE SOTURNO,1904,CACHOEIRO DE ITAPEMIRIM,16,ES,"6289,851",0,1513,36,"9889,88",,,
269,1268,AREINHA,2101,VIANA,16,ES,"59037,3433","172,49",42,299,"87235,95",,,
270,18733,GIOVANI BREDA ,1870,ALFREDO CHAVES,16,ES,"6434,6555",0,602,127,"30908,13",,,
271,1702,ROMAO,2111,VITORIA,16,ES,"986,9",0,896,6,"799,9",,,
273,1510,FEU ROSA,2091,SERRA,16,ES,"18698,72968","986,7",216,211,47568,,,
276,18739,JOAO TOMAZ,1959,IRUPI,16,ES,"1539,1332","430,85",414,57,"17451,82",,,
277,1,CENTRO,1931,DORES DO RIO PRETO,16,ES,"4162,0095","284,2",1568,28,"7087,68",,,
278,185,SANTO AGOSTINHO,1913,CASTELO,16,ES,"4190,8032","715,08",134,113,"42527,44",,,
279,1,CENTRO,2000,MIMOSO DO SUL,16,ES,"9922,3372",0,1009,50,"22411,42",,,
280,170,GLORIA,2107,VILA VELHA,16,ES,"737,7768",0,744,39,"4678,27",,,
282,1558,BOA VISTA II,2091,SERRA,16,ES,"4286,1205","8,42",20,146,"34514,03",,,
283,5464,QUILOMBO,1977,IUNA,16,ES,"126174,5031","4977,21",5,668,"274704,14",,,
284,45,NOVO HORIZONTE,2091,SERRA,16,ES,"1032,858",0,1664,9,"5112,75",,,
285,1,CENTRO,2000,MIMOSO DO SUL,16,ES,"30369,8367","237,78",21,311,"98476,76",,,
287,1255,ITAQUARI,1912,CARIACICA,16,ES,"175627,7844","913,02",35,357,"223311,51",,,
288,1464,CARAPINA,2091,SERRA,16,ES,"33677,1721","1297,86",35,239,"45991,34",,,
289,18731,TARCISIO MIRANDA ,6990,CAMPOS DOS GOYTACAZES,7,RJ,"2044,9866",0,112,54,"25102,81",,,
291,1244,NOVO BRASIL,1912,CARIACICA,16,ES,"52,726",0,1864,2,"515,96",,,
292,1189,AGOSTINHO SIMONATO,1904,CACHOEIRO DE ITAPEMIRIM,16,ES,"15651,68",0,250,49,"99466,53",,,CODUF: Código do estado do cliente
293,1611,TAQUARA II,2091,SERRA,16,ES,"7039,83495","42,99",16,169,"32022,73",,,
294,1,CENTRO,1985,JOAO NEIVA,16,ES,"2431,0198",0,1407,35,24343,,,
296,1,CENTRO,2101,VIANA,16,ES,"182,3892",0,876,9,"1646,04",,,
297,1632,DIVINO ESPIRITO STO ,2107,VILA VELHA,16,ES,"2036,1096",0,1143,51,"8008,66",,,
298,1652,NOVA ITAPARICA,2107,VILA VELHA,16,ES,"1048,496",0,883,6,"1047,26",,,
300,8925,ITAOCA,1904,CACHOEIRO DE ITAPEMIRIM,16,ES,"145,1736",0,1167,6,"1306,32",,,
301,159,CIDADE NOVA,1994,MARATAIZES,16,ES,"2871,8748",0,475,125,"25775,77",,,
302,28,FLORESTA,1949,IBATIBA,16,ES,"18911,5665",0,1048,132,"58315,6",,,
303,0,< SEM  BAIRRO >,2081,SAO JOSE DO CALCADO,16,ES,"6782,072",0,1650,31,"17192,06",,,DESCRIÇÃO DOS CAMPOS
306,170,GLORIA,2107,VILA VELHA,16,ES,"481,96176",0,261,130,"1633,23",,,
307,170,GLORIA,2107,VILA VELHA,16,ES,"524,0750003","48,12",1035,84,"957,84",,,
309,18617,FILOMENA,2011,NOVA VENECIA,16,ES,"673,064",0,1603,39,"1171,7",,,
310,5853,SOUZA,2758,ALVINOPOLIS,2,MG,"361,704",0,1898,2,"2068,2",,,
312,798,JARDIM AMERICA,1904,CACHOEIRO DE ITAPEMIRIM,16,ES,"123,4995",0,106,99,"664,63",,,
313,557,CAMPO GRANDE,1912,CARIACICA,16,ES,"6523,188","720,48",418,337,"49787,48",,,
315,208,SAO JOSE,1991,LINHARES,16,ES,"657,07543",0,1107,103,1412,,,
316,1724,ITARARE,2111,VITORIA,16,ES,"2,446",0,1674,65,"30,24",,,
317,1579,ESTANCIA MONAZITICA,2091,SERRA,16,ES,"570,2069",0,649,107,"2123,74",,,
323,1505,JARDIM LIMOEIRO,2091,SERRA,16,ES,"6446,0632",0,211,131,"53910,41",,,
324,1,CENTRO,1945,GUACUI,16,ES,"26520,10605","862,86",107,67,"29029,96",,,
325,752,BARRO BRANCO,2091,SERRA,16,ES,"5613,3507","76,68",350,73,"14323,82",,,
326,1675,BARRAMARES,2107,VILA VELHA,16,ES,"680,8656",0,476,43,"6323,78",,,
327,18784,JACIGUA ,2098,VARGEM ALTA,16,ES,"45290,70589","2227,88",13,449,"155752,08",,,
328,18801,PRAIA DE ITAOCA,1970,ITAPEMIRIM,16,ES,"381,0266",0,831,7,"1451,6",,,
329,1,CENTRO,1945,GUACUI,16,ES,"24539,39893","658,46",35,62,"16516,26",,,
330,1228,SAO VICENTE,1864,AFONSO CLAUDIO,16,ES,"16322,86335",0,1050,48,"17317,08",,,
331,1,CENTRO,2011,NOVA VENECIA,16,ES,"5303,61",0,35,15,"4210,29",,,
332,18852,ILHA DO COCO,1955,ICONHA,16,ES,"1685,0431",0,119,87,"15786,54",,,
333,1,CENTRO,2081,SAO JOSE DO CALCADO,16,ES,"10761,0636",0,56,132,"58732,06",,,
334,18651,DISTRITO SAO JOSE DE FRUTEIRAS,2098,VARGEM ALTA,16,ES,"29925,34555","319,58",13,327,"110438,84",,,
336,1432,SHELL,1991,LINHARES,16,ES,"38976,42675","7414,25",15,602,"303135,76",,,
337,1,CENTRO,1929,DOMINGOS MARTINS,16,ES,"2181,72245",0,43,59,"10917,67",,,
339,470,NSA SRA DA PENHA,2107,VILA VELHA,16,ES,"4840,4365",0,5,126,"39588,7",,,
341,1196,SANTA CECILIA,2111,VITORIA,16,ES,"657,72",0,86,29,"9209,32",,,
342,1,CENTRO,1869,ALEGRE,16,ES,"982,0296",0,78,50,"10579,84",,,
343,18730,DA GRAMA,1864,AFONSO CLAUDIO,16,ES,"5507,8188","1742,65",1643,27,"13478,85",,,
344,1,CENTRO,1993,MANTENOPOLIS,16,ES,"125490,1635","1766,57",9,675,"314837,32",,,
346,18736,VILA DA MATA ,2100,VENDA NOVA IMIGRANTE,16,ES,"108642,5145","4766,69",9,847,"530365,79",,,
347,1459,GURIRI NORTE,2083,SAO MATEUS,16,ES,"4061,754",0,26,133,"26442,88",,,
348,1519,LARANJEIRAS VELHA,2091,SERRA,16,ES,"2016,2",0,1461,6,1005,,,
349,1394,MUQUICABA,1947,GUARAPARI,16,ES,"5118,87991",0,1206,153,"40448,98",,,
351,1,CENTRO,2088,SAO ROQUE DO CANAA,16,ES,"8559,45699","1008,18",656,103,"21034,1",,,
353,1490,NESTOR GOMES,2083,SAO MATEUS,16,ES,"4216,9816","1428,48",154,52,"20650,25",,,
354,18694,WANDA MARIA,1994,MARATAIZES,16,ES,"7120,5484","133,92",37,190,"85288,85",,,
358,9717,UNIVERSAL,2101,VIANA,16,ES,"56507,36975","279,46",1134,243,"79462,29",,,
359,18627,SEDE,1929,DOMINGOS MARTINS,16,ES,"1550,2587",0,28,60,"13508,57",,,
361,1,CENTRO,7058,ITAOCARA,7,RJ,"19751,1526","4926,32",35,114,"180467,21",,,
363,1,CENTRO,1929,DOMINGOS MARTINS,16,ES,"51373,49516","4270,45",6,405,"218832,04",,,
367,1718,ILHA DE SANTA MARIA,2111,VITORIA,16,ES,"464,7048",0,35,24,"4096,7",,,
368,1671,MORADA DA BARRA,2107,VILA VELHA,16,ES,"2572,23172","87,8",51,101,"16602,57",,,
370,384,JARDIM ATLANTICO,2091,SERRA,16,ES,"57026,0802","3920,57",50,661,"195519,51",,,
371,18794,COMUNIDADE URBANA DE PALMEIRAS,1947,GUARAPARI,16,ES,"7577,5232",0,1350,35,"9505,22",,,
372,1631,JABURUNA,2107,VILA VELHA,16,ES,"17616,44782","14292,2",258,90,"51022,4",,,
373,1,CENTRO,831,LAJEDAO,6,BA,"5706,446",0,1563,11,"6167,73",,,
376,1,CENTRO,998,PRADO,6,BA,"889,416",0,1856,4,"5994,28",,,
377,319,TRANCOSO,994,PORTO SEGURO,6,BA,"104033,253","2239,52",5,388,"250904,03",,,
378,319,TRANCOSO,994,PORTO SEGURO,6,BA,"183,712",0,1884,2,"829,1",,,
380,1626,PRAIA DE ITAPARICA,2107,VILA VELHA,16,ES,"120,55",0,1920,2,378,,,
382,1632,DIVINO ESPIRITO STO ,2107,VILA VELHA,16,ES,"7617,0062","580,37",383,169,"63442,99",,,
383,1505,JARDIM LIMOEIRO,2091,SERRA,16,ES,"21584,214","505,32",5,321,"196760,59",,,
384,653,CASTELINHO,2098,VARGEM ALTA,16,ES,"74923,56679","5520,93",7,409,"187115,95",,,
385,18771,CAXIAS DO SUL,2101,VIANA,16,ES,"9078,5",0,547,147,"56802,98",,,
387,1510,FEU ROSA,2091,SERRA,16,ES,"232433,3512","23575,61",1,3209,"1452372,76",,,
388,18845,LOT RESID MARACANA  ,1912,CARIACICA,16,ES,"6892,2732","2062,37",14,143,"72571,66",,,
390,1505,JARDIM LIMOEIRO,2091,SERRA,16,ES,"33,12",0,1867,2,"274,56",,,
392,1533,DAS LARANJEIRAS,2091,SERRA,16,ES,"964,5408",0,112,60,"10329,65",,,
394,182,SANTO ANTONIO,2111,VITORIA,16,ES,"18402,33545","3353,6",99,155,"44030,73",,,
395,470,NSA SRA DA PENHA,2107,VILA VELHA,16,ES,"58004,5781","813,3",8,437,"579238,76",,,
396,352,SANTA MONICA,2107,VILA VELHA,16,ES,"358,77",0,1266,22,"2820,28",,,
397,1503,CIVIT I,2091,SERRA,16,ES,"1484,2649",0,16,79,"15214,31",,,
398,45,NOVO HORIZONTE,2091,SERRA,16,ES,"24335,03224","285,36",6,354,"103508,24",,,
399,1464,CARAPINA,2091,SERRA,16,ES,"9832,908","4063,59",393,184,"90804,63",,,
401,1697,MATA DA PRAIA,2111,VITORIA,16,ES,"3160,01193",0,140,42,"5513,71",,,
402,1,CENTRO,1982,JAGUARE,16,ES,"4679,3115","3722,85",70,91,"43368,5",,,
403,1435,INTERLAGOS,1991,LINHARES,16,ES,"53961,97792","346,87",6,219,"131603,03",,,
404,1,CENTRO,2007,MUNIZ FREIRE,16,ES,"2699,2254",0,797,20,"5572,28",,,
405,1618,CRISTOVAO COLOMBO,2107,VILA VELHA,16,ES,"449,1148",0,6,86,"4156,43",,,
406,1626,PRAIA DE ITAPARICA,2107,VILA VELHA,16,ES,"834,15",0,97,25,"7857,72",,,
407,1343,CARLOS GERMANO NAUMANN,1915,COLATINA,16,ES,"32207,67248",94,35,107,"34397,05",,,
409,18726,OSEIAS ,1937,FUNDAO,16,ES,"4253,7907",0,982,120,"32870,33",,,
411,1585,CASTELANDIA,2091,SERRA,16,ES,"52212,79336",0,63,262,"81824,52",,,
413,1563,CIVIT II,2091,SERRA,16,ES,"15898,2577","426,32",29,578,"158992,56",,,
414,1198,CENTRAL PARQUE,1904,CACHOEIRO DE ITAPEMIRIM,16,ES,"1828,9308",0,49,42,"16790,93",,,
415,1537,NOVA CARAPINA I,2091,SERRA,16,ES,"4351,1275",0,8,192,"34995,28",,,
418,1505,JARDIM LIMOEIRO,2091,SERRA,16,ES,"67,824",0,1743,3,"631,2",,,
420,18740,CUMURUXATIBA,998,PRADO,6,BA,"30774,9342",0,61,127,"48255,1",,,
421,1,CENTRO,998,PRADO,6,BA,"177473,2627","36,99",43,522,"230072,66",,,
422,1394,MUQUICABA,1947,GUARAPARI,16,ES,"8197,8635",0,19,183,"70140,89",,,
425,18622,SAO ROQUINHO,2088,SAO ROQUE DO CANAA,16,ES,"94726,78511","3425,1",5,932,"273674,09",,,
426,1665,BAL PONTA DA FRUTA,2107,VILA VELHA,16,ES,"1325,4259",0,36,69,"16997,25",,,
429,1509,DIVINOPOLIS,2091,SERRA,16,ES,"617,5122",0,1146,71,"3708,15",,,
430,18634,PIACU,2007,MUNIZ FREIRE,16,ES,"83436,25576",0,6,345,"116507,84",,,
431,1535,REIS MAGOS,2091,SERRA,16,ES,"2011,204","416,28",1751,61,"17983,78",,,
432,18704,IRMAOS FERNANDES,1905,BARRA SAO FRANCISCO,16,ES,"44761,7184",0,6,227,"117519,86",,,
433,1523,PQ RESL LARANJEIRAS,2091,SERRA,16,ES,"59563,506",0,1535,76,"40668,3",,,
437,1,CENTRO,753,ITAMARAJU,6,BA,"278097,7615","574,76",5,945,"333222,53",,,
439,1344,SAO SILVANO,1915,COLATINA,16,ES,"34163,66465",0,9,169,"70970,23",,,
440,1505,JARDIM LIMOEIRO,2091,SERRA,16,ES,"110341,0726","18566,14",6,1549,"864087,26",,,
441,18739,JOAO TOMAZ,1959,IRUPI,16,ES,"104951,6681","224,8",5,352,"226015,35",,,
442,1,CENTRO,1949,IBATIBA,16,ES,"427338,9729","1007,8",1,575,"579585,5",,,
443,884,INDUSTRIAL,732,ITABELA,6,BA,"9038,0486","1810,75",5,141,"50862,36",,,
445,1505,JARDIM LIMOEIRO,2091,SERRA,16,ES,"655,365",0,391,15,"5489,45",,,
446,1439,CANIVETE,1991,LINHARES,16,ES,"23922,7749",0,55,142,"47150,62",,,
448,1,CENTRO,1933,ECOPORANGA,16,ES,"3931,12127","606,96",9,113,"27390,85",,,
449,1187,CORONEL BORGES,1904,CACHOEIRO DE ITAPEMIRIM,16,ES,"202403,2581","1308,56",56,378,"328546,37",,,
450,1,CENTRO,1993,MANTENOPOLIS,16,ES,"66568,73855","233,39",5,210,"139050,69",,,
451,1344,SAO SILVANO,1915,COLATINA,16,ES,"1994,36",0,1546,33,"14748,56",,,
452,1,CENTRO,1874,ALTO RIO NOVO,16,ES,"107447,8102","108,07",35,445,"203676,12",,,
454,1727,NAZARETH,2111,VITORIA,16,ES,"2702,7438","784,8",37,110,"21178,07",,,
456,18840,CAJARANA,397,ALCOBACA,6,BA,"4492,446","1261,76",1633,33,"16616,85",,,
457,1563,CIVIT II,2091,SERRA,16,ES,"2978,4746","113,97",1107,134,"30692,64",,,
459,1724,ITARARE,2111,VITORIA,16,ES,"7122,5739","415,68",394,206,"60319,16",,,
460,1717,REPUBLICA,2111,VITORIA,16,ES,"1673,26","927,75",27,121,"23571,22",,,
461,39,BELA VISTA,1882,ARACRUZ,16,ES,"414,632",0,1847,3,"1088,6",,,
462,1505,JARDIM LIMOEIRO,2091,SERRA,16,ES,"85546,1939","7825,14",693,1561,"399078,02",,,
463,1563,CIVIT II,2091,SERRA,16,ES,"4140,348",0,883,177,"29897,82",,,
464,1410,ITAPEBUSSU,1947,GUARAPARI,16,ES,"2381,2",0,314,13,"9266,89",,,
466,1588,NOVA ZELANDIA,2091,SERRA,16,ES,"5633,4",0,47,75,"28599,43",,,
467,18629,CONJUNTO PARREIRAL,2091,SERRA,16,ES,"226,46",0,1058,6,"1414,5",,,
469,182,SANTO ANTONIO,1904,CACHOEIRO DE ITAPEMIRIM,16,ES,"466228,3971","18122,18",1,962,"858695,32",,,
470,1344,SAO SILVANO,1915,COLATINA,16,ES,"41392,2671",0,41,395,"106523,98",,,
471,369,AEROPORTO,1947,GUARAPARI,16,ES,"49182,26341","9113,13",93,333,"221671,96",,,CODBAI: Código do bairro do cliente
472,13346,ITAPARICA,2107,VILA VELHA,16,ES,"15972,3158","119,37",51,167,"130319,3",,,
473,1394,MUQUICABA,1947,GUARAPARI,16,ES,"56470,8379","1864,19",5,345,"178444,76",,,
474,19093,N.S. DA PENHA,2107,VILA VELHA,16,ES,"1389,57",0,44,66,"13369,15",,,
475,18630,NOSSA SENHORA DA PENHA,2107,VILA VELHA,16,ES,"6375,5016","1659,94",14,231,"78428,14",,,
476,1578,VILA NOVA DE COLARES,2091,SERRA,16,ES,"1171,1382",0,9,65,"9399,76",,,
477,1639,COBILANDIA,2107,VILA VELHA,16,ES,"5256,028","199,92",96,199,"53017,26",,,
478,1252,VILA CAPIXABA,1912,CARIACICA,16,ES,"1786,5589","1853,04",35,48,"12891,52",,,
479,1,CENTRO,1905,BARRA SAO FRANCISCO,16,ES,"79,496",0,1853,2,"888,88",,,
480,1624,PRAIA DA COSTA,2107,VILA VELHA,16,ES,"324,8286",0,1212,7,"735,84",,,
481,1505,JARDIM LIMOEIRO,2091,SERRA,16,ES,"262162,9028","16086,33",5,2241,"2340967,27",,,
484,1651,DARLY SANTOS,2107,VILA VELHA,16,ES,"35094,7211","139,32",29,248,"312289,82",,,
485,1690,JARDIM CAMBURI,2111,VITORIA,16,ES,"8734,0718",0,132,152,"77437,63",,,
486,273,VILA RICA,1904,CACHOEIRO DE ITAPEMIRIM,16,ES,"36506,5083","123,39",119,142,"51146,67",,,
487,1191,LUIZ TINOCO FONSECA,1904,CACHOEIRO DE ITAPEMIRIM,16,ES,"234,291","527,6",1461,6,"1506,92",,,
488,1639,COBILANDIA,2107,VILA VELHA,16,ES,"15138,8406","773,96",7,421,"72386,6",,,
489,18632,MORADA DE CAMPO GRANDE,1912,CARIACICA,16,ES,"36103,29717","273,04",22,353,"68498,94",,,
490,1700,GURIGICA,2111,VITORIA,16,ES,"1810,5761","41,6",441,74,"9223,5",,,
491,1718,ILHA DE SANTA MARIA,2111,VITORIA,16,ES,"894,7782",0,1553,23,"7484,84",,,
492,1724,ITARARE,2111,VITORIA,16,ES,"15442,9082","326,63",586,104,"28118,91",,,
493,557,CAMPO GRANDE,1912,CARIACICA,16,ES,"645,9816",0,1576,27,"5706,68",,,
495,1630,SOTECO,2107,VILA VELHA,16,ES,"12430,70778",0,65,48,"13725,91",,,
496,1700,GURIGICA,2111,VITORIA,16,ES,"73,896",0,1813,4,"679,68",,,
498,159,CIDADE NOVA,7059,ITAPERUNA,7,RJ,"63052,6116","5109,19",8,836,"607900,64",,,
499,1658,SANTA MONICA POPULAR,2107,VILA VELHA,16,ES,"18124,8828","471,56",295,265,"52792,72",,,
503,1563,CIVIT II,2091,SERRA,16,ES,"136,718",0,1701,25,"1011,99",,,
504,1588,NOVA ZELANDIA,2091,SERRA,16,ES,"46,11503",0,675,6,"80,98",,,
505,557,CAMPO GRANDE,1912,CARIACICA,16,ES,"3819,9518","320,62",128,49,"41521,67",,,
506,1,CENTRO,994,PORTO SEGURO,6,BA,"153646,543","43,14",370,262,"105692,66",,,
507,1,CENTRO,630,EUNAPOLIS,6,BA,"1771,9758",0,1526,20,"7093,67",,,
508,1392,SETIBA,1947,GUARAPARI,16,ES,"24588,50295",0,21,255,"95344,18",,,
510,1,CENTRO,2008,MUQUI,16,ES,"152839,7578","1068,02",5,672,"285931,15",,,
512,1505,JARDIM LIMOEIRO,2091,SERRA,16,ES,"3029,843",0,799,79,"34240,53",,,
513,1,CENTRO,1949,IBATIBA,16,ES,"6183,0675",0,1202,31,"13628,98",,,
514,1,CENTRO,1945,GUACUI,16,ES,"178733,1822",0,5,449,"260150,35",,,
515,1,CENTRO,2101,VIANA,16,ES,"22041,08634","1129,84",103,117,"49465,06",,,
517,18692,PONTA DOS CASTELHANO,1876,ANCHIETA,16,ES,"56626,74669",0,107,394,"140642,31",,,
518,1535,REIS MAGOS,2091,SERRA,16,ES,"32678,3189","3209,02",5,608,"290271,88",,,
519,45,NOVO HORIZONTE,2091,SERRA,16,ES,"10385,1723","626,06",6,334,"88598,06",,,
520,1639,COBILANDIA,2107,VILA VELHA,16,ES,"137783,11","238,86",6,428,"1386709,21",,,
523,1578,VILA NOVA DE COLARES,2091,SERRA,16,ES,"346685,6477","1622,04",9,1327,"537949,35",,,
525,1633,JARDIM MARILANDIA,2107,VILA VELHA,16,ES,"2001,9798",0,590,36,"14714,85",,,
527,170,GLORIA,2107,VILA VELHA,16,ES,"25,3745",0,658,3,"129,71",,,
528,1523,PQ RESL LARANJEIRAS,2091,SERRA,16,ES,"16766,8199","839,2",1451,79,"17881,23",,,
529,194,SAO GERALDO,2091,SERRA,16,ES,"7676,6382",0,6,245,"119434,67",,,
530,1398,PORTAL DE GUARAPARI,1947,GUARAPARI,16,ES,"6656,667",0,42,77,"73427,28",,,
531,1505,JARDIM LIMOEIRO,2091,SERRA,16,ES,"197,722",0,1048,8,"2121,96",,,
533,1622,VALE ENCANTADO,2107,VILA VELHA,16,ES,"24,28",0,1644,4,"116,7",,,
534,18645,JACARAIPE,2091,SERRA,16,ES,"10103,4671","353,97",27,340,"83651,03",,,
535,1626,PRAIA DE ITAPARICA,2107,VILA VELHA,16,ES,"219,9768",0,1267,6,"1966,08",,,
536,1618,CRISTOVAO COLOMBO,2107,VILA VELHA,16,ES,"32915,92584","233,54",5,340,"87009,69",,,
537,1618,CRISTOVAO COLOMBO,2107,VILA VELHA,16,ES,"297,0472",0,1447,12,"1361,48",,,
539,0,< SEM  BAIRRO >,2100,VENDA NOVA IMIGRANTE,16,ES,"886,27",0,1750,6,"1195,28",,,IDCLI: Identificador do cliente
540,18928,BAIRRO DAS FLORES,2091,SERRA,16,ES,"90,918",0,1121,6,"528,66",,,
542,18775,ESTELITA COELHO MARINS,1904,CACHOEIRO DE ITAPEMIRIM,16,ES,"168,9688",0,1531,6,"2002,14",,,
543,18748,VALAO,1904,CACHOEIRO DE ITAPEMIRIM,16,ES,"1457,7559","67,2",646,56,"9573,36",,,
544,1690,JARDIM CAMBURI,2111,VITORIA,16,ES,"5056,624","228,4",141,60,"31186,34",,,
545,267,OURO BRANCO,1870,ALFREDO CHAVES,16,ES,"30426,8512",0,602,140,"98424,89",,,
546,1,CENTRO,2059,SANTA TERESA,16,ES,"18049,80654",0,714,145,"77946,57",,,
548,1510,FEU ROSA,2091,SERRA,16,ES,"31791,2924","610,71",5,241,"67764,36",,,
549,1451,RIO QUARTEL DE CIMA,1991,LINHARES,16,ES,"538,326",0,1828,3,"767,95",,,
550,1690,JARDIM CAMBURI,2111,VITORIA,16,ES,"3679,08774","364,56",475,53,"7199,16",,,
551,31,JARDIM DE ALAH,1912,CARIACICA,16,ES,2862,0,1442,32,"25972,98",,,
553,1563,CIVIT II,2091,SERRA,16,ES,"190524,2","12987,2",5,391,"1296270,75",,,
554,321,MOISES REIS,630,EUNAPOLIS,6,BA,"73810,1176",0,5,62,"139882,93",,,
556,1180,SAO FRANCISCO  ASSIS,1904,CACHOEIRO DE ITAPEMIRIM,16,ES,"123974,1194","3090,81",6,713,"486818,53",,,
558,18956,NOVA ROSA DA PENHA II,1912,CARIACICA,16,ES,"1111,132","315,84",544,38,"10417,59",,,
559,1293,JARDIM CAMPO GRANDE,1912,CARIACICA,16,ES,"4625,6",0,1192,14,"20812,5",,,
560,18635,GUARITAS,2101,VIANA,16,ES,"396,5502",0,357,28,"4420,7",,,
561,9553,MARCILIO DIAS II,1916,CONCEICAO DA BARRA,16,ES,"3457,308",0,687,51,"16950,25",,,
562,1405,NSA SRA DA CONCEICAO,1991,LINHARES,16,ES,"175826,8137","12898,25",15,1101,"726558,41",,,
564,1343,CARLOS GERMANO NAUMANN,1915,COLATINA,16,ES,"15637,9466",0,552,146,"93960,16",,,
565,1457,SERNAMBY,2083,SAO MATEUS,16,ES,"1463,6368",0,1030,21,"7140,75",,,
566,1464,CARAPINA,2091,SERRA,16,ES,"845,8228",0,751,28,"5444,67",,,
567,1533,DAS LARANJEIRAS,2091,SERRA,16,ES,"180125,855","5885,9",5,1973,"849254,92",,,
568,280,VILA NOVA,1915,COLATINA,16,ES,"897,4644",0,953,22,"7469,04",,,
569,18747,JARDIM BOTANICO ,1912,CARIACICA,16,ES,"37278,4728","2132,09",1,323,"83869,38",,,
571,18847,MORADA C GRANDE II  ,1912,CARIACICA,16,ES,"628,218",0,762,15,"3758,78",,,
572,18823,SAO SEBASTIAO DO MEIO ,10077,SANTA MARIA DE JETIBA,16,ES,"3803,8692",0,558,87,"38377,39",,,
573,18645,JACARAIPE,2091,SERRA,16,ES,"29,832",0,1905,2,"393,92",,,
574,1630,SOTECO,2107,VILA VELHA,16,ES,"2270,41162","118,61",569,123,"17391,24",,,
575,557,CAMPO GRANDE,1912,CARIACICA,16,ES,"13178,4396","2361,22",8,144,"107990,36",,,
576,1,CENTRO,1991,LINHARES,16,ES,"2894,0874","1803,94",1374,59,"26874,86",,,
577,1435,INTERLAGOS,2107,VILA VELHA,16,ES,"50,472",0,1813,6,"453,36",,,
579,18664,JOAO DUARTE MANSO,1864,AFONSO CLAUDIO,16,ES,"3783,2166","91,95",1646,22,"13123,25",,,
580,39,BELA VISTA,1127,TEIXEIRA DE FREITAS,6,BA,"8646,3949",0,44,142,"75629,2",,,
581,1,CENTRO,1989,LARANJA DA TERRA,16,ES,"2914,218",0,1790,8,"7220,1",,,
582,798,JARDIM AMERICA,1912,CARIACICA,16,ES,"15206,5764",0,1415,86,"121232,33",,,
583,671,ULISSES GUIMARAES,2107,VILA VELHA,16,ES,"6085,99246",0,1049,19,7492,,,
584,470,NSA SRA DA PENHA,2107,VILA VELHA,16,ES,"9153,74075","348,14",1387,47,"14146,08",,,
585,1533,DAS LARANJEIRAS,2091,SERRA,16,ES,"8953,66269",0,398,48,"14249,32",,,
586,1533,DAS LARANJEIRAS,2091,SERRA,16,ES,"21030,48245","4734,17",35,359,"115450,55",,,
588,1,CENTRO,2094,SOORETAMA,16,ES,"15501,9542","1239,54",15,257,"120074,68",,,
593,557,CAMPO GRANDE,1912,CARIACICA,16,ES,"31007,2282","13582,89",1255,107,"296251,36",,,
594,44,TANCREDO NEVES,556,CARAVELAS,6,BA,"8315,742","399,25",26,163,"37950,43",,,
595,225,SANTA RITA,2107,VILA VELHA,16,ES,"28325,608",0,8,224,"41844,43",,,
599,1613,JARDIM GUARANHUNS,2107,VILA VELHA,16,ES,"2158,1424","413,4",1056,25,"3145,98",,,
603,1346,JOSE DE ANCHIETA,2091,SERRA,16,ES,"197,976",0,1812,7,"1510,84",,,
604,18637,VILA DAS ORQUIDEAS,1995,MARECHAL FLORIANO,16,ES,"2350,5325",0,302,16,"6263,65",,,
605,1537,NOVA CARAPINA I,2091,SERRA,16,ES,"22031,81952","24,66",189,168,"85177,94",,,
610,18638,CID MOREIRA,1945,GUACUI,16,ES,"148530,7749",3753,6,552,"193928,57",,,
611,170,GLORIA,2107,VILA VELHA,16,ES,"87,59","139,46",1693,5,"246,14",,,
612,4046,ZONA RURAL,2059,SANTA TERESA,16,ES,"275,672","128,36",427,11,"2808,83",,,
613,45,NOVO HORIZONTE,1991,LINHARES,16,ES,"4545,9676",0,951,60,"31992,19",,,
614,1211,ALTO NOVO PARQUE,1904,CACHOEIRO DE ITAPEMIRIM,16,ES,"70455,03315","617,89",35,398,"149629,85",,,RECENCIA: Número de dias desde a última compra do cliente
615,170,GLORIA,2107,VILA VELHA,16,ES,"11941,4418",0,5,271,"113449,83",,,
617,1,CENTRO,1929,DOMINGOS MARTINS,16,ES,"18153,84872",0,107,107,"23969,72",,,
618,18639,GOYTACAZES,6990,CAMPOS DOS GOYTACAZES,7,RJ,"12963,6843","1766,65",21,268,"163273,82",,,
619,1595,ALTEROSAS,2091,SERRA,16,ES,"1767,2426",0,28,74,"20847,07",,,PESOBRUTO: Peso bruto da compra em gramas
621,1572,PLANALTO DE CARAPINA,2091,SERRA,16,ES,"371,4048",0,1458,23,"3168,98",,,
622,18640,GUARUS,6990,CAMPOS DOS GOYTACAZES,7,RJ,"7713,1108","769,63",49,228,"97999,07",,,
623,1730,BARRO VERMELHO,2111,VITORIA,16,ES,"55052,98671","643,28",22,439,"77322,79",,,
627,1630,SOTECO,2107,VILA VELHA,16,ES,"11685,124",0,51,132,"135438,59",,,
628,1402,PRAIA DO MORRO,1947,GUARAPARI,16,ES,"97,492",0,1114,3,"844,84",,,
629,1307,VALPARAISO,1912,CARIACICA,16,ES,"3089,513",0,37,98,"26693,68",,,
630,1344,SAO SILVANO,1915,COLATINA,16,ES,"3902,0012",0,259,114,"30788,3",,,
631,1,CENTRO,1995,MARECHAL FLORIANO,16,ES,"39175,55193","2083,93",5,186,"75670,52",,,
636,1,CENTRO,1933,ECOPORANGA,16,ES,"114997,436",0,9,339,"140370,48",,,
638,1,CENTRO,1864,AFONSO CLAUDIO,16,ES,"60005,94982",0,13,303,"124538,22",,,
640,1654,GAROTO,2107,VILA VELHA,16,ES,"25,8",0,1826,3,"390,23",,,
641,1514,CASCATA,2091,SERRA,16,ES,"130,986",0,1741,8,"1106,38",,,
642,1614,BARRA DO JUCU,2107,VILA VELHA,16,ES,"1102,2795",0,776,16,"3336,55",,,
645,1351,MARIA ISMENIA,1915,COLATINA,16,ES,"508,9401",0,1503,13,"3440,06",,,
646,369,AEROPORTO,2011,NOVA VENECIA,16,ES,"5728,4476","865,84",876,61,"33002,13",,,NOMEBAI: Nome do bairro do cliente
647,369,AEROPORTO,1904,CACHOEIRO DE ITAPEMIRIM,16,ES,"50,0808",0,1559,3,"416,64",,,CODCID: Código da cidade do cliente
649,1,CENTRO,2105,VILA PAVAO,16,ES,"28686,66488",0,65,103,"38087,93",,,
650,4100,GRAMA,1864,AFONSO CLAUDIO,16,ES,"73,76",0,1877,2,"748,4",,,
651,45,NOVO HORIZONTE,2091,SERRA,16,ES,"15234,0145","287,05",35,336,"128780,36",,,
652,1,CENTRO,1951,IBIRACU,16,ES,"7309,7903","141,56",5,296,"63517,44",,,
653,1675,BARRAMARES,2107,VILA VELHA,16,ES,"29684,7765","297,86",30,230,"40095,08",,,
654,18768,ILMENITA,1994,MARATAIZES,16,ES,"2382,574","613,2",299,84,"19676,44",,,
655,1,CENTRO,2046,RIO NOVO DO SUL,16,ES,"3184,2932","108,69",8,116,"27388,59",,,
656,18702,RESIDENCIAL CENTRO DA SERRA,2091,SERRA,16,ES,"1057,805","293,84",195,37,"9526,15",,,
657,1,CENTRO,1955,ICONHA,16,ES,"2424,0376",0,1444,16,"6476,1",,,
658,18645,JACARAIPE,2091,SERRA,16,ES,"28137,5298","1119,89",176,253,"81366,33",,,
659,1186,MARBRASA,1904,CACHOEIRO DE ITAPEMIRIM,16,ES,"3738,8304",0,21,60,"33726,27",,,
660,1569,DIAMANTINA,2091,SERRA,16,ES,"4602,4702","2194,53",1178,89,"35493,04",,,
661,1533,DAS LARANJEIRAS,2091,SERRA,16,ES,"7055,472",0,26,136,"49513,85",,,
663,1,CENTRO,1947,GUARAPARI,16,ES,"2829,1312",0,677,57,"24484,61",,,
669,1558,BOA VISTA II,2091,SERRA,16,ES,"1952,958","471,1",91,74,"23437,51",,,
672,1,CENTRO,2111,VITORIA,16,ES,"1232,944012",0,805,12,"1631,42",,,
673,1343,CARLOS GERMANO NAUMANN,1915,COLATINA,16,ES,888,0,182,14,"5911,67",,,
676,5,SAO FRANCISCO,994,PORTO SEGURO,6,BA,"26694,9092",0,796,37,"28989,26",,,
678,18646,WALDIR FURTADO DE AMORIM,1904,CACHOEIRO DE ITAPEMIRIM,16,ES,"71,04",0,1822,1,"616,58",,,
679,1675,BARRAMARES,2107,VILA VELHA,16,ES,"79,948",0,1736,3,"1151,4",,,
680,18735,BARROLANDIA,467,BELMONTE,6,BA,"44305,944","298,45",40,135,"58825,9",,,
681,1,CENTRO,1952,IBITIRAMA,16,ES,"30469,0532","1648,9",7,539,"127964,47",,,
682,1513,SERRA DOURADA II,2091,SERRA,16,ES,"35816,67721","568,47",768,312,"160902,32",,,
683,1,CENTRO,467,BELMONTE,6,BA,"22689,9973","248,6",860,67,"43897,8",,,
684,18647,CENTRO/GUAIU,1042,SANTA CRUZ CABRALIA,6,BA,"42069,46995","1826,08",5,146,"144384,04",,,
685,1,CENTRO,1959,IRUPI,16,ES,"1084,5264",0,1121,30,"8690,04",,,
687,648,JARDIM CARAIPE,1127,TEIXEIRA DE FREITAS,6,BA,"210456,2469","168,74",5,415,"223895,36",,,
690,278,SAO SEBASTIAO,998,PRADO,6,BA,"78704,85706","111,55",26,346,"82553,71",,,
692,36,CONQUISTA,2111,VITORIA,16,ES,"282,0888",0,120,21,"2754,96",,,
693,1,CENTRO,1866,AGUA DOCE DO NORTE,16,ES,"29097,5206",920,21,120,"52800,93",,,
696,18648,ARRAIAL D' AJUDA,994,PORTO SEGURO,6,BA,"56373,41775","1992,54",15,282,"180274,8",,,
700,1157,GUAXINDIBA,1882,ARACRUZ,16,ES,"2901,4103","1341,49",9,115,"22057,51",,,
702,39,BELA VISTA,1882,ARACRUZ,16,ES,"45804,89184",0,16,236,"83610,58",,,
704,1,CENTRO,753,ITAMARAJU,6,BA,"28300,89535","615,96",1393,89,"44519,49",,,
706,310,PITANGA,2091,SERRA,16,ES,"3753,49625",0,14,41,"7319,45",,,
709,786,BONSUCESSO,2083,SAO MATEUS,16,ES,"3799,534",0,1801,10,"7020,97",,,
710,650,SAO LOURENCO,1127,TEIXEIRA DE FREITAS,6,BA,"857,52",0,1710,4,"3813,6",,,
712,18704,IRMAOS FERNANDES,1905,BARRA SAO FRANCISCO,16,ES,"2531,116",0,1675,8,"8986,34",,,
713,225,SANTA RITA,1127,TEIXEIRA DE FREITAS,6,BA,"107906,4643","833,1",5,512,"500575,55",,,
714,18617,FILOMENA,2011,NOVA VENECIA,16,ES,"1079,0648",0,19,61,"12344,43",,,
715,1626,PRAIA DE ITAPARICA,2107,VILA VELHA,16,ES,"1001,5",0,1805,3,300,,,
716,1588,NOVA ZELANDIA,2091,SERRA,16,ES,683,0,1727,7,5580,,,
723,4046,ZONA RURAL,1995,MARECHAL FLORIANO,16,ES,"1216,6367",0,100,50,"13577,51",,,
724,1558,BOA VISTA II,2091,SERRA,16,ES,"38110,9682",19250,42,124,"313856,48",,,
726,1564,VISTA DA SERRA II,2091,SERRA,16,ES,"66023,4175","15992,07",6,424,"560513,95",,,
727,100,SANTA LUCIA,2111,VITORIA,16,ES,"220,008",0,1792,6,"1962,18",,,
730,369,AEROPORTO,1904,CACHOEIRO DE ITAPEMIRIM,16,ES,"123380,8797","63,2",21,508,"201937,01",,,NOMECID: Nome da cidade do cliente
731,1,CENTRO,1042,SANTA CRUZ CABRALIA,6,BA,"47886,6181",0,1136,161,"126600,91",,,
733,1525,JARDIM DA SERRA,2091,SERRA,16,ES,"3372,9633",0,26,234,"47345,52",,,
734,1,CENTRO,10077,SANTA MARIA DE JETIBA,16,ES,"2484,516",0,516,31,"16903,49",,,
735,1698,PARQUE MOSCOSO,2111,VITORIA,16,ES,"48,56",0,1905,8,"289,3",,,
737,1572,PLANALTO DE CARAPINA,2091,SERRA,16,ES,"207,6576",0,1570,8,"1765,37",,,
738,18651,DISTRITO SAO JOSE DE FRUTEIRAS,2098,VARGEM ALTA,16,ES,"3185,4508",0,43,63,"16360,56",,,
739,18630,NOSSA SENHORA DA PENHA,2107,VILA VELHA,16,ES,"590,6401054",0,1364,9,"1768,9",,,
740,18627,SEDE,904,MUCURI,6,BA,"5023,7949",0,433,19,"7163,66",,,
742,18618,SANTO ANTONIO DO CANAA,2059,SANTA TERESA,16,ES,"149,04",0,1541,4,"1280,88",,,
743,8911,PORTO DA PEDRA,7173,SAO GONCALO,7,RJ,"176,028",0,1815,6,"2093,81",,,
744,1639,COBILANDIA,2107,VILA VELHA,16,ES,"92821,05393","2908,32",44,396,"164172,84",,,
745,9322,IZABEL,1929,DOMINGOS MARTINS,16,ES,"7147,45945",0,5,92,"28150,18",,,
747,1,CENTRO,1991,LINHARES,16,ES,"850,5966",0,973,55,"7574,58",,,
749,4100,GRAMA,1864,AFONSO CLAUDIO,16,ES,"23826,79918","81,2",5,181,"52958,04",,,
750,4100,GRAMA,1864,AFONSO CLAUDIO,16,ES,"42012,61094",0,1070,60,"28226,89",,,
752,1151,JEQUITIBA,1882,ARACRUZ,16,ES,"697,13",0,432,8,"1499,29",,,
756,1618,CRISTOVAO COLOMBO,2107,VILA VELHA,16,ES,"11410,8998","183,84",6,479,"153892,96",,,
757,1,CENTRO,1982,JAGUARE,16,ES,"49996,28404","137,5",15,379,"158775,41",,,
759,1644,VILA BATISTA,2107,VILA VELHA,16,ES,"63,762",0,1706,5,"582,06",,,
760,4046,ZONA RURAL,5310,BONITO,10,PE,10615,0,14,73,"130115,84",,,
761,1,CENTRO,1931,DORES DO RIO PRETO,16,ES,"59121,06285","391,7",141,165,"140593,91",,,
762,18627,SEDE,467,BELMONTE,6,BA,"8487,6966",0,1294,45,"8713,75",,,
763,328,DINA BORGES,630,EUNAPOLIS,6,BA,"8036,496",0,65,64,"31372,54",,,
765,1634,ATAIDE,2107,VILA VELHA,16,ES,"466,25",0,1562,6,"913,4",,,
766,13346,ITAPARICA,2107,VILA VELHA,16,ES,"162,072",0,576,11,"1456,56",,,
767,1527,SAO PATRICIO,2091,SERRA,16,ES,"1466,3393","33,09",163,67,"12123,93",,,
769,1624,PRAIA DA COSTA,2107,VILA VELHA,16,ES,"23540,03601","990,61",1532,63,"81297,03",,,
770,1,CENTRO,2107,VILA VELHA,16,ES,"1986,9716",946,1073,33,"6607,42",,,
771,39,BELA VISTA,1882,ARACRUZ,16,ES,"214,2516",0,1092,9,"1837,89",,,
775,1684,ENSEADA DO SUA,2111,VITORIA,16,ES,"7096,6102",0,1526,34,"15402,79",,,
776,399,FATIMA,1882,ARACRUZ,16,ES,359,0,35,7,"2303,6",,,
777,1563,CIVIT II,2091,SERRA,16,ES,"16600,79",0,5,121,"74731,91",,,
780,1622,VALE ENCANTADO,2107,VILA VELHA,16,ES,"704,23",0,1702,19,"6581,75",,,
784,10312,SAO RAFAEL,2100,VENDA NOVA IMIGRANTE,16,ES,"132207,036","3090,78",96,537,"254372,82",,,
814,1606,BOA VISTA I,2107,VILA VELHA,16,ES,"3923,85223",0,653,55,"7856,46",,,
815,18846,VILA JETIBA ,10077,SANTA MARIA DE JETIBA,16,ES,"228,56",0,1892,2,"1903,25",,,
817,18659,RUBIA,2011,NOVA VENECIA,16,ES,"5254,393","246,64",9,165,"37446,71",,,
819,1505,JARDIM LIMOEIRO,2091,SERRA,16,ES,"642,1176","163,92",35,43,"5535,74",,,
822,18704,IRMAOS FERNANDES,1905,BARRA SAO FRANCISCO,16,ES,"38387,57626","755,79",9,251,"130751,12",,,
825,182,SANTO ANTONIO,2043,RIO BANANAL,16,ES,"13160,3049",1885,51,195,"90627,04",,,
831,18749,BARRA DO ITAPEMIRIM,1994,MARATAIZES,16,ES,"476,82",0,1759,21,"4301,06",,,
836,1568,PLANALTO SERRANO BLOCO A,2091,SERRA,16,ES,"4292,42598",0,587,34,"6395,13",,,
839,18843,CARIBE ITABATA,904,MUCURI,6,BA,"25503,01805","158,23",6,117,"22315,65",,,
840,1630,SOTECO,2107,VILA VELHA,16,ES,"73,76",0,1891,2,"386,68",,,
844,1696,PRAIA DO CANTO,2111,VITORIA,16,ES,"7820,24",0,1485,12,"4734,2",,,
846,1692,JESUS DE NAZARETH,2111,VITORIA,16,ES,"460,03",0,19,38,"4191,4",,,
848,1,CENTRO,1876,ANCHIETA,16,ES,"9025,76323","509,2",7,246,"46744,03",,,
850,18741,FREI CALIXTO,994,PORTO SEGURO,6,BA,"11930,4745","1757,01",201,32,"14253,97",,,
855,1,CENTRO,2031,PONTO BELO,16,ES,"11894,04272",0,14,183,"75277,08",,,
865,18856,SAO JOSE DE FRUTEIRAS,2098,VARGEM ALTA,16,ES,"71665,78449","58,24",37,395,"121616,58",,,
867,1,CENTRO,1985,JOAO NEIVA,16,ES,"3968,123",0,194,102,"34812,7",,,
869,18654,NOVA CARAIVA,994,PORTO SEGURO,6,BA,"21815,99364","1959,08",85,71,"40850,58",,,
870,18655,VILA REAL SEDE,1996,MARILANDIA,16,ES,"370,5",0,1514,6,"2040,17",,,
871,1706,SOLON BORGES,2111,VITORIA,16,ES,"671,448",0,616,26,"5976,54",,,
874,1,CENTRO,2031,PONTO BELO,16,ES,"11420,73598",0,127,115,"34497,59",,,
875,18656,PREFEITO RAUL GIUBERTI,1915,COLATINA,16,ES,"4277,2118",0,294,94,"59255,75",,,
876,554,SANTA CRUZ,1991,LINHARES,16,ES,"12497,8082",0,15,86,"16568,98",,,
878,1537,NOVA CARAPINA I,2091,SERRA,16,ES,"1109,9675",0,653,22,"4789,46",,,
881,3886,PENHA,2059,SANTA TERESA,16,ES,"1942,786",0,147,51,"21315,2",,,
891,1595,ALTEROSAS,2091,SERRA,16,ES,"29510,31555","300,21",22,249,"61467,37",,,DEVOLUCAO: Indicador de valor de devolução das compras
894,18832,CHAPADA GRANDE,2091,SERRA,16,ES,"1714,0427",0,36,38,"18769,27",,,
930,753,SAO BENTO,2088,SAO ROQUE DO CANAA,16,ES,"35,73",0,1514,3,"327,68",,,
931,1475,GURIRI SUL,2083,SAO MATEUS,16,ES,"1848,5832",0,5,62,"21905,24",,,
933,39,BELA VISTA,1882,ARACRUZ,16,ES,"562,602",0,1734,3,2301,,,
937,1707,TABUAZEIRO,2111,VITORIA,16,ES,"407,1852",0,1078,20,"3702,6",,,
939,4046,ZONA RURAL,1959,IRUPI,16,ES,191,0,1693,3,"1185,74",,,
942,1370,ESPLANADA,1913,CASTELO,16,ES,"967,75",0,1741,15,"6893,46",,,
950,1522,DE FATIMA,2091,SERRA,16,ES,0,0,133,33,68000,,,
953,1,CENTRO,2091,SERRA,16,ES,"464,2315",0,1076,6,"1344,16",,,
964,1689,VILA RUBIM,2111,VITORIA,16,ES,"1055,16",0,1842,8,"1472,67",,,
987,1505,JARDIM LIMOEIRO,2091,SERRA,16,ES,"332,0088",0,538,107,"3048,84",,,
998,159,CIDADE NOVA,1994,MARATAIZES,16,ES,"17189,5539","2776,88",12,381,"140512,53",,,